id,week_offset,week_label,rank,title,artist,likes,crawled_at
1,0,2026.03.30 ~ 2026.04.05,1,BANG BANG,IVE (아이브),64208,2026-05-26 15:47:04
2,0,2026.03.30 ~ 2026.04.05,2,404 (New Era),KiiiKiii (키키),66002,2026-05-26 15:47:04
3,0,2026.03.30 ~ 2026.04.05,3,RUDE!,Hearts2Hearts (하츠투하츠),63368,2026-05-26 15:47:04
4,0,2026.03.30 ~ 2026.04.05,4,SWIM,방탄소년단,60888,2026-05-26 15:47:04
5,0,2026.03.30 ~ 2026.04.05,5,Drowning,WOODZ,300622,2026-05-26 15:47:04
6,0,2026.03.30 ~ 2026.04.05,6,Good Goodbye,화사 (HWASA),119761,2026-05-26 15:47:04
7,0,2026.03.30 ~ 2026.04.05,7,사랑하게 될 거야,한로로,134529,2026-05-26 15:47:04
8,0,2026.03.30 ~ 2026.04.05,8,0+0,한로로,106518,2026-05-26 15:47:04
9,0,2026.03.30 ~ 2026.04.05,9,Body to Body,방탄소년단,46266,2026-05-26 15:47:04
10,0,2026.03.30 ~ 2026.04.05,10,타임캡슐,다비치,72432,2026-05-26 15:47:04
11,0,2026.03.30 ~ 2026.04.05,11,그대 작은 나의 세상이 되어,카더가든,83793,2026-05-26 15:47:04
12,0,2026.03.30 ~ 2026.04.05,12,멸종위기사랑,이찬혁,99361,2026-05-26 15:47:04
13,0,2026.03.30 ~ 2026.04.05,13,너에게 닿기를,10CM,151016,2026-05-26 15:47:04
14,0,2026.03.30 ~ 2026.04.05,14,TICK TOCK (Feat. ZICO) (Prod. by ZICO\, Crush),김하온 (HAON)\, Nosun\, Raf Sandou\, Marv\, 정준혁,39118,2026-05-26 15:47:04
15,0,2026.03.30 ~ 2026.04.05,15,Blue Valentine,NMIXX,116956,2026-05-26 15:47:04
16,0,2026.03.30 ~ 2026.04.05,16,Golden,"HUNTR/X\, EJAE\, AUDREY NUNA\, REI AMI\, KPop Demon Hunters Cast",192148,2026-05-26 15:47:04
17,0,2026.03.30 ~ 2026.04.05,17,BLACKHOLE,IVE (아이브),39132,2026-05-26 15:47:04
18,0,2026.03.30 ~ 2026.04.05,18,어제보다 슬픈 오늘,우디 (Woody),85785,2026-05-26 15:47:04
19,0,2026.03.30 ~ 2026.04.05,19,"어떻게 이별까지 사랑하겠어\, 널 사랑하는 거지",AKMU (악뮤),497436,2026-05-26 15:47:04
20,0,2026.03.30 ~ 2026.04.05,20,너의 모든 순간,성시경,323979,2026-05-26 15:47:04
21,0,2026.03.30 ~ 2026.04.05,21,뛰어(JUMP),BLACKPINK,97001,2026-05-26 15:47:04
22,0,2026.03.30 ~ 2026.04.05,22,toxic till the end,로제 (ROSÉ),155503,2026-05-26 15:47:04
23,0,2026.03.30 ~ 2026.04.05,23,모르시나요(PROD.로코베리),조째즈,107849,2026-05-26 15:47:04
24,0,2026.03.30 ~ 2026.04.05,24,천상연,이창섭,146871,2026-05-26 15:47:04
25,0,2026.03.30 ~ 2026.04.05,25,Love Love Love (Feat. Yoong Jin Of Casker),에픽하이 (EPIK HIGH),123779,2026-05-26 15:47:04
26,0,2026.03.30 ~ 2026.04.05,26,사랑은 봄비처럼...이별은 겨울비처럼...,임현정,69380,2026-05-26 15:47:04
27,0,2026.03.30 ~ 2026.04.05,27,내게 사랑이 뭐냐고 물어본다면,로이킴,97854,2026-05-26 15:47:04
28,0,2026.03.30 ~ 2026.04.05,28,사랑인가 봐,멜로망스,237136,2026-05-26 15:47:04
29,0,2026.03.30 ~ 2026.04.05,29,HAPPY,DAY6 (데이식스),214995,2026-05-26 15:47:04
30,0,2026.03.30 ~ 2026.04.05,30,Hooligan,방탄소년단,31309,2026-05-26 15:47:04
31,0,2026.03.30 ~ 2026.04.05,31,SPAGHETTI (feat. j-hope of BTS),LE SSERAFIM (르세라핌)\, j-hope,51260,2026-05-26 15:47:04
32,0,2026.03.30 ~ 2026.04.05,32,like JENNIE,제니 (JENNIE),110573,2026-05-26 15:47:04
33,0,2026.03.30 ~ 2026.04.05,33,Whiplash,aespa,153495,2026-05-26 15:47:04
34,0,2026.03.30 ~ 2026.04.05,34,한 페이지가 될 수 있게,DAY6 (데이식스),368484,2026-05-26 15:47:04
35,0,2026.03.30 ~ 2026.04.05,35,HOME SWEET HOME (feat. 태양\, 대성),G-DRAGON,230279,2026-05-26 15:47:04
36,0,2026.03.30 ~ 2026.04.05,36,모든 날\, 모든 순간 (Every day\, Every Moment),폴킴,437967,2026-05-26 15:47:04
37,0,2026.03.30 ~ 2026.04.05,37,그대만 있다면 (여름날 우리 X 너드커넥션 (Nerd Connection)),너드커넥션 (Nerd Connection),173240,2026-05-26 15:47:04
38,0,2026.03.30 ~ 2026.04.05,38,나는 반딧불,황가람,158947,2026-05-26 15:47:04
39,0,2026.03.30 ~ 2026.04.05,39,청춘만화,이무진,101490,2026-05-26 15:47:04
40,0,2026.03.30 ~ 2026.04.05,40,달리 표현할 수 없어요,로이킴,41973,2026-05-26 15:47:04
41,0,2026.03.30 ~ 2026.04.05,41,ONE MORE TIME,ALLDAY PROJECT,61413,2026-05-26 15:47:04
42,0,2026.03.30 ~ 2026.04.05,42,FAMOUS,ALLDAY PROJECT,131649,2026-05-26 15:47:04
43,0,2026.03.30 ~ 2026.04.05,43,소나기,이클립스 (ECLIPSE),196585,2026-05-26 15:47:04
44,0,2026.03.30 ~ 2026.04.05,44,Welcome to the Show,DAY6 (데이식스),199563,2026-05-26 15:47:04
45,0,2026.03.30 ~ 2026.04.05,45,청혼하지 않을 이유를 못 찾았어,이무진,73993,2026-05-26 15:47:04
46,0,2026.03.30 ~ 2026.04.05,46,2.0,방탄소년단,29895,2026-05-26 15:47:04
47,0,2026.03.30 ~ 2026.04.05,47,예뻤어,DAY6 (데이식스),381251,2026-05-26 15:47:04
48,0,2026.03.30 ~ 2026.04.05,48,Flower,오반(OVAN),87181,2026-05-26 15:47:04
49,0,2026.03.30 ~ 2026.04.05,49,주저하는 연인들을 위해,잔나비,454223,2026-05-26 15:47:04
50,0,2026.03.30 ~ 2026.04.05,50,눈을 감아도(2026),순순희(지환),13439,2026-05-26 15:47:04
51,0,2026.03.30 ~ 2026.04.05,51,봄날,방탄소년단,509159,2026-05-26 15:47:04
52,0,2026.03.30 ~ 2026.04.05,52,시작의 아이 ❍,"박다혜\, 마크툽 (MAKTUB)",71470,2026-05-26 15:47:04
53,0,2026.03.30 ~ 2026.04.05,53,STYLE,Hearts2Hearts (하츠투하츠),60829,2026-05-26 15:47:04
54,0,2026.03.30 ~ 2026.04.05,54,FYA,방탄소년단,26520,2026-05-26 15:47:04
55,0,2026.03.30 ~ 2026.04.05,55,FOCUS,Hearts2Hearts (하츠투하츠),43462,2026-05-26 15:47:04
56,0,2026.03.30 ~ 2026.04.05,56,KISS KISS KISS (Feat. 선우 (THE BOYZ)) (Prod. by Hukky Shibaseki),"NOWIMYOUNG (나우아임영)\, Royal 44",30182,2026-05-26 15:47:04
57,0,2026.03.30 ~ 2026.04.05,57,APT.,로제 (ROSÉ)\, Bruno Mars,221041,2026-05-26 15:47:04
58,0,2026.03.30 ~ 2026.04.05,58,REBEL HEART,IVE (아이브),120777,2026-05-26 15:47:04
59,0,2026.03.30 ~ 2026.04.05,59,NOT CUTE ANYMORE,아일릿(ILLIT),48184,2026-05-26 15:47:04
60,0,2026.03.30 ~ 2026.04.05,60,Aliens,방탄소년단,25406,2026-05-26 15:47:04
61,0,2026.03.30 ~ 2026.04.05,61,Love wins all,아이유,223529,2026-05-26 15:47:04
62,0,2026.03.30 ~ 2026.04.05,62,첫 만남은 계획대로 되지 않아,TWS (투어스),174982,2026-05-26 15:47:04
63,0,2026.03.30 ~ 2026.04.05,63,Seven (feat. Latto) - Clean Ver.,정국,231559,2026-05-26 15:47:04
64,0,2026.03.30 ~ 2026.04.05,64,오늘만 I LOVE YOU,BOYNEXTDOOR,186448,2026-05-26 15:47:04
65,0,2026.03.30 ~ 2026.04.05,65,OVERDRIVE,TWS (투어스),44529,2026-05-26 15:47:04
66,0,2026.03.30 ~ 2026.04.05,66,다정히 내 이름을 부르면,"경서예지\, 전건호",223789,2026-05-26 15:47:04
67,0,2026.03.30 ~ 2026.04.05,67,헤어지자 말해요,박재정,194185,2026-05-26 15:47:04
68,0,2026.03.30 ~ 2026.04.05,68,Die With A Smile,Lady Gaga\, Bruno Mars,136070,2026-05-26 15:47:04
69,0,2026.03.30 ~ 2026.04.05,69,Like Animals,방탄소년단,27031,2026-05-26 15:47:04
70,0,2026.03.30 ~ 2026.04.05,70,Soda Pop,"KPop Demon Hunters Cast\, Danny Chung\, Saja Boys\, Andrew Choi\, Neckwav\, Kevin Woo\, samUIL Lee",116522,2026-05-26 15:47:04
71,0,2026.03.30 ~ 2026.04.05,71,Never Ending Story,아이유,86573,2026-05-26 15:47:04
72,0,2026.03.30 ~ 2026.04.05,72,인사,범진,163553,2026-05-26 15:47:04
73,0,2026.03.30 ~ 2026.04.05,73,시작의 아이,마크툽 (MAKTUB),85919,2026-05-26 15:47:04
74,0,2026.03.30 ~ 2026.04.05,74,힙합보단 사랑\, 사랑보단 돈 (Feat. 베이식),노아주다 (noahjooda),50345,2026-05-26 15:47:04
75,0,2026.03.30 ~ 2026.04.05,75,눈사람,정승환,309981,2026-05-26 15:47:04
76,0,2026.03.30 ~ 2026.04.05,76,XOXZ,IVE (아이브),55998,2026-05-26 15:47:04
77,0,2026.03.30 ~ 2026.04.05,77,Magnetic,아일릿(ILLIT),146163,2026-05-26 15:47:04
78,0,2026.03.30 ~ 2026.04.05,78,I AM,IVE (아이브),238663,2026-05-26 15:47:04
79,0,2026.03.30 ~ 2026.04.05,79,에피소드,이무진,142744,2026-05-26 15:47:04
80,0,2026.03.30 ~ 2026.04.05,80,사랑은 늘 도망가,임영웅,237669,2026-05-26 15:47:04
81,0,2026.03.30 ~ 2026.04.05,81,Popcorn,도경수(D.O.),82181,2026-05-26 15:47:04
82,0,2026.03.30 ~ 2026.04.05,82,그래 늦지 않았어 (2025),"아샤트리\, 이예은\, 전건호",17336,2026-05-26 15:47:04
83,0,2026.03.30 ~ 2026.04.05,83,끝사랑,테이,12629,2026-05-26 15:47:04
84,0,2026.03.30 ~ 2026.04.05,84,캐치 캐치,YENA (최예나),34064,2026-05-26 15:47:04
85,0,2026.03.30 ~ 2026.04.05,85,Merry Go Round,방탄소년단,24221,2026-05-26 15:47:04
86,0,2026.03.30 ~ 2026.04.05,86,한번 더 이별,이창섭,33668,2026-05-26 15:47:04
87,0,2026.03.30 ~ 2026.04.05,87,TOO BAD (feat. Anderson .Paak),G-DRAGON,156073,2026-05-26 15:47:04
88,0,2026.03.30 ~ 2026.04.05,88,운명 (2025),"먼데이 키즈\, 이이경",36310,2026-05-26 15:47:04
89,0,2026.03.30 ~ 2026.04.05,89,Hype Boy,NewJeans,315851,2026-05-26 15:47:04
90,0,2026.03.30 ~ 2026.04.05,90,벚꽃 엔딩,버스커 버스커,314189,2026-05-26 15:47:04
91,0,2026.03.30 ~ 2026.04.05,91,GO,BLACKPINK,20091,2026-05-26 15:47:04
92,0,2026.03.30 ~ 2026.04.05,92,One More Night,방탄소년단,23020,2026-05-26 15:47:04
93,0,2026.03.30 ~ 2026.04.05,93,MY LOVE(2025),"이예은\, 아샤트리\, 전건호",39830,2026-05-26 15:47:04
94,0,2026.03.30 ~ 2026.04.05,94,이 밤을 빌려 말해요,PLAVE,31251,2026-05-26 15:47:04
95,0,2026.03.30 ~ 2026.04.05,95,they don’t know ’bout us,방탄소년단,23206,2026-05-26 15:47:04
96,0,2026.03.30 ~ 2026.04.05,96,Please,방탄소년단,23942,2026-05-26 15:47:04
97,0,2026.03.30 ~ 2026.04.05,97,봄 사랑 벚꽃 말고,"HIGH4 (하이포)\, 아이유",231427,2026-05-26 15:47:04
98,0,2026.03.30 ~ 2026.04.05,98,우연히 봄,"로코\, 유주 (YUJU)",184646,2026-05-26 15:47:04
99,0,2026.03.30 ~ 2026.04.05,99,비의 랩소디,임재현,109984,2026-05-26 15:47:04
100,0,2026.03.30 ~ 2026.04.05,100,Into the Sun,방탄소년단,24124,2026-05-26 15:47:04
101,0,2026.04.06 ~ 2026.04.12,1,기쁨\, 슬픔\, 아름다운 마음,AKMU (악뮤),79258,2026-05-26 15:47:04
102,0,2026.04.06 ~ 2026.04.12,2,BANG BANG,IVE (아이브),64208,2026-05-26 15:47:04
103,0,2026.04.06 ~ 2026.04.12,3,404 (New Era),KiiiKiii (키키),66002,2026-05-26 15:47:04
104,0,2026.04.06 ~ 2026.04.12,4,RUDE!,Hearts2Hearts (하츠투하츠),63368,2026-05-26 15:47:04
105,0,2026.04.06 ~ 2026.04.12,5,SWIM,방탄소년단,60888,2026-05-26 15:47:04
106,0,2026.04.06 ~ 2026.04.12,6,소문의 낙원,AKMU (악뮤),74298,2026-05-26 15:47:04
107,0,2026.04.06 ~ 2026.04.12,7,사랑하게 될 거야,한로로,134529,2026-05-26 15:47:04
108,0,2026.04.06 ~ 2026.04.12,8,Drowning,WOODZ,300622,2026-05-26 15:47:04
109,0,2026.04.06 ~ 2026.04.12,9,Good Goodbye,화사 (HWASA),119761,2026-05-26 15:47:04
110,0,2026.04.06 ~ 2026.04.12,10,0+0,한로로,106518,2026-05-26 15:47:04
111,0,2026.04.06 ~ 2026.04.12,11,타임캡슐,다비치,72432,2026-05-26 15:47:04
112,0,2026.04.06 ~ 2026.04.12,12,Body to Body,방탄소년단,46266,2026-05-26 15:47:04
113,0,2026.04.06 ~ 2026.04.12,13,그대 작은 나의 세상이 되어,카더가든,83793,2026-05-26 15:47:04
114,0,2026.04.06 ~ 2026.04.12,14,멸종위기사랑,이찬혁,99361,2026-05-26 15:47:04
115,0,2026.04.06 ~ 2026.04.12,15,너에게 닿기를,10CM,151016,2026-05-26 15:47:04
116,0,2026.04.06 ~ 2026.04.12,16,"어떻게 이별까지 사랑하겠어\, 널 사랑하는 거지",AKMU (악뮤),497436,2026-05-26 15:47:04
117,0,2026.04.06 ~ 2026.04.12,17,TICK TOCK (Feat. ZICO) (Prod. by ZICO\, Crush),김하온 (HAON)\, Nosun\, Raf Sandou\, Marv\, 정준혁,39119,2026-05-26 15:47:04
118,0,2026.04.06 ~ 2026.04.12,18,어제보다 슬픈 오늘,우디 (Woody),85786,2026-05-26 15:47:04
119,0,2026.04.06 ~ 2026.04.12,19,너의 모든 순간,성시경,323979,2026-05-26 15:47:04
120,0,2026.04.06 ~ 2026.04.12,20,Blue Valentine,NMIXX,116957,2026-05-26 15:47:04
121,0,2026.04.06 ~ 2026.04.12,21,Golden,"HUNTR/X\, EJAE\, AUDREY NUNA\, REI AMI\, KPop Demon Hunters Cast",192148,2026-05-26 15:47:04
122,0,2026.04.06 ~ 2026.04.12,22,BLACKHOLE,IVE (아이브),39132,2026-05-26 15:47:04
123,0,2026.04.06 ~ 2026.04.12,23,뛰어(JUMP),BLACKPINK,97001,2026-05-26 15:47:04
124,0,2026.04.06 ~ 2026.04.12,24,모르시나요(PROD.로코베리),조째즈,107849,2026-05-26 15:47:04
125,0,2026.04.06 ~ 2026.04.12,25,toxic till the end,로제 (ROSÉ),155503,2026-05-26 15:47:04
126,0,2026.04.06 ~ 2026.04.12,26,천상연,이창섭,146871,2026-05-26 15:47:04
127,0,2026.04.06 ~ 2026.04.12,27,내게 사랑이 뭐냐고 물어본다면,로이킴,97854,2026-05-26 15:47:04
128,0,2026.04.06 ~ 2026.04.12,28,Popcorn,도경수(D.O.),82182,2026-05-26 15:47:04
129,0,2026.04.06 ~ 2026.04.12,29,2.0,방탄소년단,29895,2026-05-26 15:47:04
130,0,2026.04.06 ~ 2026.04.12,30,사랑은 봄비처럼...이별은 겨울비처럼...,임현정,69381,2026-05-26 15:47:04
131,0,2026.04.06 ~ 2026.04.12,31,Love Love Love (Feat. Yoong Jin Of Casker),에픽하이 (EPIK HIGH),123779,2026-05-26 15:47:04
132,0,2026.04.06 ~ 2026.04.12,32,사랑인가 봐,멜로망스,237136,2026-05-26 15:47:04
133,0,2026.04.06 ~ 2026.04.12,33,HAPPY,DAY6 (데이식스),214995,2026-05-26 15:47:04
134,0,2026.04.06 ~ 2026.04.12,34,모든 날\, 모든 순간 (Every day\, Every Moment),폴킴,437967,2026-05-26 15:47:04
135,0,2026.04.06 ~ 2026.04.12,35,Hooligan,방탄소년단,31309,2026-05-26 15:47:04
136,0,2026.04.06 ~ 2026.04.12,36,그대만 있다면 (여름날 우리 X 너드커넥션 (Nerd Connection)),너드커넥션 (Nerd Connection),173240,2026-05-26 15:47:04
137,0,2026.04.06 ~ 2026.04.12,37,like JENNIE,제니 (JENNIE),110573,2026-05-26 15:47:04
138,0,2026.04.06 ~ 2026.04.12,38,한 페이지가 될 수 있게,DAY6 (데이식스),368484,2026-05-26 15:47:04
139,0,2026.04.06 ~ 2026.04.12,39,Whiplash,aespa,153495,2026-05-26 15:47:04
140,0,2026.04.06 ~ 2026.04.12,40,SPAGHETTI (feat. j-hope of BTS),LE SSERAFIM (르세라핌)\, j-hope,51260,2026-05-26 15:47:04
141,0,2026.04.06 ~ 2026.04.12,41,소나기,이클립스 (ECLIPSE),196585,2026-05-26 15:47:04
142,0,2026.04.06 ~ 2026.04.12,42,HOME SWEET HOME (feat. 태양\, 대성),G-DRAGON,230279,2026-05-26 15:47:04
143,0,2026.04.06 ~ 2026.04.12,43,주저하는 연인들을 위해,잔나비,454223,2026-05-26 15:47:04
144,0,2026.04.06 ~ 2026.04.12,44,나는 반딧불,황가람,158947,2026-05-26 15:47:04
145,0,2026.04.06 ~ 2026.04.12,45,캐치 캐치,YENA (최예나),34065,2026-05-26 15:47:04
146,0,2026.04.06 ~ 2026.04.12,46,청춘만화,이무진,101491,2026-05-26 15:47:04
147,0,2026.04.06 ~ 2026.04.12,47,Flower,오반(OVAN),87181,2026-05-26 15:47:04
148,0,2026.04.06 ~ 2026.04.12,48,달리 표현할 수 없어요,로이킴,41973,2026-05-26 15:47:04
149,0,2026.04.06 ~ 2026.04.12,49,청혼하지 않을 이유를 못 찾았어,이무진,73993,2026-05-26 15:47:04
150,0,2026.04.06 ~ 2026.04.12,50,봄날,방탄소년단,509159,2026-05-26 15:47:04
151,0,2026.04.06 ~ 2026.04.12,51,Welcome to the Show,DAY6 (데이식스),199563,2026-05-26 15:47:04
152,0,2026.04.06 ~ 2026.04.12,52,예뻤어,DAY6 (데이식스),381251,2026-05-26 15:47:04
153,0,2026.04.06 ~ 2026.04.12,53,눈을 감아도(2026),순순희(지환),13439,2026-05-26 15:47:04
154,0,2026.04.06 ~ 2026.04.12,54,FAMOUS,ALLDAY PROJECT,131649,2026-05-26 15:47:04
155,0,2026.04.06 ~ 2026.04.12,55,ONE MORE TIME,ALLDAY PROJECT,61413,2026-05-26 15:47:04
156,0,2026.04.06 ~ 2026.04.12,56,시작의 아이 ❍,"박다혜\, 마크툽 (MAKTUB)",71470,2026-05-26 15:47:04
157,0,2026.04.06 ~ 2026.04.12,57,STYLE,Hearts2Hearts (하츠투하츠),60829,2026-05-26 15:47:04
158,0,2026.04.06 ~ 2026.04.12,58,KISS KISS KISS (Feat. 선우 (THE BOYZ)) (Prod. by Hukky Shibaseki),"NOWIMYOUNG (나우아임영)\, Royal 44",30182,2026-05-26 15:47:04
159,0,2026.04.06 ~ 2026.04.12,59,REBEL HEART,IVE (아이브),120777,2026-05-26 15:47:04
160,0,2026.04.06 ~ 2026.04.12,60,FYA,방탄소년단,26520,2026-05-26 15:47:04
161,0,2026.04.06 ~ 2026.04.12,61,APT.,로제 (ROSÉ)\, Bruno Mars,221041,2026-05-26 15:47:04
162,0,2026.04.06 ~ 2026.04.12,62,FOCUS,Hearts2Hearts (하츠투하츠),43462,2026-05-26 15:47:04
163,0,2026.04.06 ~ 2026.04.12,63,Love wins all,아이유,223529,2026-05-26 15:47:04
164,0,2026.04.06 ~ 2026.04.12,64,다정히 내 이름을 부르면,"경서예지\, 전건호",223789,2026-05-26 15:47:04
165,0,2026.04.06 ~ 2026.04.12,65,Seven (feat. Latto) - Clean Ver.,정국,231559,2026-05-26 15:47:04
166,0,2026.04.06 ~ 2026.04.12,66,첫 만남은 계획대로 되지 않아,TWS (투어스),174982,2026-05-26 15:47:04
167,0,2026.04.06 ~ 2026.04.12,67,오늘만 I LOVE YOU,BOYNEXTDOOR,186448,2026-05-26 15:47:04
168,0,2026.04.06 ~ 2026.04.12,68,헤어지자 말해요,박재정,194185,2026-05-26 15:47:04
169,0,2026.04.06 ~ 2026.04.12,69,NOT CUTE ANYMORE,아일릿(ILLIT),48184,2026-05-26 15:47:04
170,0,2026.04.06 ~ 2026.04.12,70,Aliens,방탄소년단,25406,2026-05-26 15:47:04
171,0,2026.04.06 ~ 2026.04.12,71,OVERDRIVE,TWS (투어스),44529,2026-05-26 15:47:04
172,0,2026.04.06 ~ 2026.04.12,72,Die With A Smile,Lady Gaga\, Bruno Mars,136069,2026-05-26 15:47:04
173,0,2026.04.06 ~ 2026.04.12,73,Never Ending Story,아이유,86573,2026-05-26 15:47:04
174,0,2026.04.06 ~ 2026.04.12,74,인사,범진,163553,2026-05-26 15:47:04
175,0,2026.04.06 ~ 2026.04.12,75,눈사람,정승환,309981,2026-05-26 15:47:04
176,0,2026.04.06 ~ 2026.04.12,76,시작의 아이,마크툽 (MAKTUB),85919,2026-05-26 15:47:04
177,0,2026.04.06 ~ 2026.04.12,77,Soda Pop,"KPop Demon Hunters Cast\, Danny Chung\, Saja Boys\, Andrew Choi\, Neckwav\, Kevin Woo\, samUIL Lee",116522,2026-05-26 15:47:04
178,0,2026.04.06 ~ 2026.04.12,78,Like Animals,방탄소년단,27031,2026-05-26 15:47:04
179,0,2026.04.06 ~ 2026.04.12,79,에피소드,이무진,142744,2026-05-26 15:47:04
180,0,2026.04.06 ~ 2026.04.12,80,Magnetic,아일릿(ILLIT),146163,2026-05-26 15:47:04
181,0,2026.04.06 ~ 2026.04.12,81,사랑은 늘 도망가,임영웅,237669,2026-05-26 15:47:04
182,0,2026.04.06 ~ 2026.04.12,82,이 밤을 빌려 말해요,PLAVE,31251,2026-05-26 15:47:04
183,0,2026.04.06 ~ 2026.04.12,83,I AM,IVE (아이브),238663,2026-05-26 15:47:04
184,0,2026.04.06 ~ 2026.04.12,84,XOXZ,IVE (아이브),55998,2026-05-26 15:47:04
185,0,2026.04.06 ~ 2026.04.12,85,끝사랑,테이,12629,2026-05-26 15:47:04
186,0,2026.04.06 ~ 2026.04.12,86,그래 늦지 않았어 (2025),"아샤트리\, 이예은\, 전건호",17336,2026-05-26 15:47:04
187,0,2026.04.06 ~ 2026.04.12,87,힙합보단 사랑\, 사랑보단 돈 (Feat. 베이식),노아주다 (noahjooda),50345,2026-05-26 15:47:04
188,0,2026.04.06 ~ 2026.04.12,88,봄 색깔,AKMU (악뮤),7897,2026-05-26 15:47:04
189,0,2026.04.06 ~ 2026.04.12,89,한번 더 이별,이창섭,33668,2026-05-26 15:47:04
190,0,2026.04.06 ~ 2026.04.12,90,Merry Go Round,방탄소년단,24221,2026-05-26 15:47:04
191,0,2026.04.06 ~ 2026.04.12,91,TOO BAD (feat. Anderson .Paak),G-DRAGON,156073,2026-05-26 15:47:04
192,0,2026.04.06 ~ 2026.04.12,92,운명 (2025),"먼데이 키즈\, 이이경",36310,2026-05-26 15:47:04
193,0,2026.04.06 ~ 2026.04.12,93,벚꽃 엔딩,버스커 버스커,314189,2026-05-26 15:47:04
194,0,2026.04.06 ~ 2026.04.12,94,햇빛 bless you,AKMU (악뮤),9357,2026-05-26 15:47:04
195,0,2026.04.06 ~ 2026.04.12,95,One More Night,방탄소년단,23020,2026-05-26 15:47:04
196,0,2026.04.06 ~ 2026.04.12,96,Hype Boy,NewJeans,315852,2026-05-26 15:47:04
197,0,2026.04.06 ~ 2026.04.12,97,they don’t know ’bout us,방탄소년단,23206,2026-05-26 15:47:04
198,0,2026.04.06 ~ 2026.04.12,98,Please,방탄소년단,23942,2026-05-26 15:47:04
199,0,2026.04.06 ~ 2026.04.12,99,벌레를 내고,AKMU (악뮤),8530,2026-05-26 15:47:04
200,0,2026.04.06 ~ 2026.04.12,100,봄 내음보다 너를,김나영,129673,2026-05-26 15:47:04
201,0,2026.04.13 ~ 2026.04.19,1,기쁨\, 슬픔\, 아름다운 마음,AKMU (악뮤),79259,2026-05-26 15:47:04
202,0,2026.04.13 ~ 2026.04.19,2,소문의 낙원,AKMU (악뮤),74299,2026-05-26 15:47:04
203,0,2026.04.13 ~ 2026.04.19,3,RUDE!,Hearts2Hearts (하츠투하츠),63368,2026-05-26 15:47:04
204,0,2026.04.13 ~ 2026.04.19,4,BANG BANG,IVE (아이브),64208,2026-05-26 15:47:04
205,0,2026.04.13 ~ 2026.04.19,5,404 (New Era),KiiiKiii (키키),66002,2026-05-26 15:47:04
206,0,2026.04.13 ~ 2026.04.19,6,사랑하게 될 거야,한로로,134530,2026-05-26 15:47:04
207,0,2026.04.13 ~ 2026.04.19,7,Drowning,WOODZ,300622,2026-05-26 15:47:04
208,0,2026.04.13 ~ 2026.04.19,8,Good Goodbye,화사 (HWASA),119761,2026-05-26 15:47:04
209,0,2026.04.13 ~ 2026.04.19,9,SWIM,방탄소년단,60888,2026-05-26 15:47:04
210,0,2026.04.13 ~ 2026.04.19,10,0+0,한로로,106519,2026-05-26 15:47:04
211,0,2026.04.13 ~ 2026.04.19,11,타임캡슐,다비치,72432,2026-05-26 15:47:04
212,0,2026.04.13 ~ 2026.04.19,12,멸종위기사랑,이찬혁,99361,2026-05-26 15:47:04
213,0,2026.04.13 ~ 2026.04.19,13,그대 작은 나의 세상이 되어,카더가든,83793,2026-05-26 15:47:04
214,0,2026.04.13 ~ 2026.04.19,14,너에게 닿기를,10CM,151016,2026-05-26 15:47:04
215,0,2026.04.13 ~ 2026.04.19,15,"어떻게 이별까지 사랑하겠어\, 널 사랑하는 거지",AKMU (악뮤),497436,2026-05-26 15:47:04
216,0,2026.04.13 ~ 2026.04.19,16,Body to Body,방탄소년단,46266,2026-05-26 15:47:04
217,0,2026.04.13 ~ 2026.04.19,17,Popcorn,도경수(D.O.),82182,2026-05-26 15:47:04
218,0,2026.04.13 ~ 2026.04.19,18,어제보다 슬픈 오늘,우디 (Woody),85786,2026-05-26 15:47:04
219,0,2026.04.13 ~ 2026.04.19,19,Blue Valentine,NMIXX,116957,2026-05-26 15:47:04
220,0,2026.04.13 ~ 2026.04.19,20,TICK TOCK (Feat. ZICO) (Prod. by ZICO\, Crush),김하온 (HAON)\, Nosun\, Raf Sandou\, Marv\, 정준혁,39119,2026-05-26 15:47:04
221,0,2026.04.13 ~ 2026.04.19,21,너의 모든 순간,성시경,323979,2026-05-26 15:47:04
222,0,2026.04.13 ~ 2026.04.19,22,Golden,"HUNTR/X\, EJAE\, AUDREY NUNA\, REI AMI\, KPop Demon Hunters Cast",192148,2026-05-26 15:47:04
223,0,2026.04.13 ~ 2026.04.19,23,뛰어(JUMP),BLACKPINK,97001,2026-05-26 15:47:04
224,0,2026.04.13 ~ 2026.04.19,24,캐치 캐치,YENA (최예나),34066,2026-05-26 15:47:04
225,0,2026.04.13 ~ 2026.04.19,25,모르시나요(PROD.로코베리),조째즈,107849,2026-05-26 15:47:04
226,0,2026.04.13 ~ 2026.04.19,26,BLACKHOLE,IVE (아이브),39132,2026-05-26 15:47:04
227,0,2026.04.13 ~ 2026.04.19,27,toxic till the end,로제 (ROSÉ),155503,2026-05-26 15:47:04
228,0,2026.04.13 ~ 2026.04.19,28,내게 사랑이 뭐냐고 물어본다면,로이킴,97854,2026-05-26 15:47:04
229,0,2026.04.13 ~ 2026.04.19,29,천상연,이창섭,146871,2026-05-26 15:47:04
230,0,2026.04.13 ~ 2026.04.19,30,2.0,방탄소년단,29895,2026-05-26 15:47:04
231,0,2026.04.13 ~ 2026.04.19,31,HAPPY,DAY6 (데이식스),214995,2026-05-26 15:47:04
232,0,2026.04.13 ~ 2026.04.19,32,사랑인가 봐,멜로망스,237136,2026-05-26 15:47:04
233,0,2026.04.13 ~ 2026.04.19,33,Love Love Love (Feat. Yoong Jin Of Casker),에픽하이 (EPIK HIGH),123779,2026-05-26 15:47:04
234,0,2026.04.13 ~ 2026.04.19,34,HOME SWEET HOME (feat. 태양\, 대성),G-DRAGON,230279,2026-05-26 15:47:04
235,0,2026.04.13 ~ 2026.04.19,35,like JENNIE,제니 (JENNIE),110573,2026-05-26 15:47:04
236,0,2026.04.13 ~ 2026.04.19,36,한 페이지가 될 수 있게,DAY6 (데이식스),368484,2026-05-26 15:47:04
237,0,2026.04.13 ~ 2026.04.19,37,Whiplash,aespa,153495,2026-05-26 15:47:04
238,0,2026.04.13 ~ 2026.04.19,38,사랑은 봄비처럼...이별은 겨울비처럼...,임현정,69381,2026-05-26 15:47:04
239,0,2026.04.13 ~ 2026.04.19,39,그대만 있다면 (여름날 우리 X 너드커넥션 (Nerd Connection)),너드커넥션 (Nerd Connection),173240,2026-05-26 15:47:04
240,0,2026.04.13 ~ 2026.04.19,40,청춘만화,이무진,101491,2026-05-26 15:47:04
241,0,2026.04.13 ~ 2026.04.19,41,소나기,이클립스 (ECLIPSE),196585,2026-05-26 15:47:04
242,0,2026.04.13 ~ 2026.04.19,42,모든 날\, 모든 순간 (Every day\, Every Moment),폴킴,437967,2026-05-26 15:47:04
243,0,2026.04.13 ~ 2026.04.19,43,Hooligan,방탄소년단,31309,2026-05-26 15:47:04
244,0,2026.04.13 ~ 2026.04.19,44,SPAGHETTI (feat. j-hope of BTS),LE SSERAFIM (르세라핌)\, j-hope,51260,2026-05-26 15:47:04
245,0,2026.04.13 ~ 2026.04.19,45,주저하는 연인들을 위해,잔나비,454223,2026-05-26 15:47:04
246,0,2026.04.13 ~ 2026.04.19,46,나는 반딧불,황가람,158947,2026-05-26 15:47:04
247,0,2026.04.13 ~ 2026.04.19,47,Flower,오반(OVAN),87181,2026-05-26 15:47:04
248,0,2026.04.13 ~ 2026.04.19,48,봄날,방탄소년단,509159,2026-05-26 15:47:04
249,0,2026.04.13 ~ 2026.04.19,49,예뻤어,DAY6 (데이식스),381251,2026-05-26 15:47:04
250,0,2026.04.13 ~ 2026.04.19,50,Welcome to the Show,DAY6 (데이식스),199563,2026-05-26 15:47:04
251,0,2026.04.13 ~ 2026.04.19,51,청혼하지 않을 이유를 못 찾았어,이무진,73993,2026-05-26 15:47:04
252,0,2026.04.13 ~ 2026.04.19,52,달리 표현할 수 없어요,로이킴,41973,2026-05-26 15:47:04
253,0,2026.04.13 ~ 2026.04.19,53,FAMOUS,ALLDAY PROJECT,131650,2026-05-26 15:47:04
254,0,2026.04.13 ~ 2026.04.19,54,눈을 감아도(2026),순순희(지환),13439,2026-05-26 15:47:04
255,0,2026.04.13 ~ 2026.04.19,55,시작의 아이 ❍,"박다혜\, 마크툽 (MAKTUB)",71470,2026-05-26 15:47:04
256,0,2026.04.13 ~ 2026.04.19,56,STYLE,Hearts2Hearts (하츠투하츠),60830,2026-05-26 15:47:04
257,0,2026.04.13 ~ 2026.04.19,57,ONE MORE TIME,ALLDAY PROJECT,61413,2026-05-26 15:47:04
258,0,2026.04.13 ~ 2026.04.19,58,APT.,로제 (ROSÉ)\, Bruno Mars,221041,2026-05-26 15:47:04
259,0,2026.04.13 ~ 2026.04.19,59,KISS KISS KISS (Feat. 선우 (THE BOYZ)) (Prod. by Hukky Shibaseki),"NOWIMYOUNG (나우아임영)\, Royal 44",30182,2026-05-26 15:47:04
260,0,2026.04.13 ~ 2026.04.19,60,FOCUS,Hearts2Hearts (하츠투하츠),43462,2026-05-26 15:47:04
261,0,2026.04.13 ~ 2026.04.19,61,첫 만남은 계획대로 되지 않아,TWS (투어스),174982,2026-05-26 15:47:04
262,0,2026.04.13 ~ 2026.04.19,62,REBEL HEART,IVE (아이브),120777,2026-05-26 15:47:04
263,0,2026.04.13 ~ 2026.04.19,63,Love wins all,아이유,223529,2026-05-26 15:47:04
264,0,2026.04.13 ~ 2026.04.19,64,다정히 내 이름을 부르면,"경서예지\, 전건호",223789,2026-05-26 15:47:04
265,0,2026.04.13 ~ 2026.04.19,65,Seven (feat. Latto) - Clean Ver.,정국,231559,2026-05-26 15:47:04
266,0,2026.04.13 ~ 2026.04.19,66,오늘만 I LOVE YOU,BOYNEXTDOOR,186448,2026-05-26 15:47:04
267,0,2026.04.13 ~ 2026.04.19,67,이 밤을 빌려 말해요,PLAVE,31251,2026-05-26 15:47:04
268,0,2026.04.13 ~ 2026.04.19,68,헤어지자 말해요,박재정,194185,2026-05-26 15:47:04
269,0,2026.04.13 ~ 2026.04.19,69,OVERDRIVE,TWS (투어스),44529,2026-05-26 15:47:04
270,0,2026.04.13 ~ 2026.04.19,70,Die With A Smile,Lady Gaga\, Bruno Mars,136069,2026-05-26 15:47:04
271,0,2026.04.13 ~ 2026.04.19,71,NOT CUTE ANYMORE,아일릿(ILLIT),48184,2026-05-26 15:47:04
272,0,2026.04.13 ~ 2026.04.19,72,인사,범진,163553,2026-05-26 15:47:04
273,0,2026.04.13 ~ 2026.04.19,73,Never Ending Story,아이유,86573,2026-05-26 15:47:04
274,0,2026.04.13 ~ 2026.04.19,74,FYA,방탄소년단,26520,2026-05-26 15:47:04
275,0,2026.04.13 ~ 2026.04.19,75,시작의 아이,마크툽 (MAKTUB),85919,2026-05-26 15:47:04
276,0,2026.04.13 ~ 2026.04.19,76,Magnetic,아일릿(ILLIT),146163,2026-05-26 15:47:04
277,0,2026.04.13 ~ 2026.04.19,77,눈사람,정승환,309981,2026-05-26 15:47:04
278,0,2026.04.13 ~ 2026.04.19,78,Soda Pop,"KPop Demon Hunters Cast\, Danny Chung\, Saja Boys\, Andrew Choi\, Neckwav\, Kevin Woo\, samUIL Lee",116522,2026-05-26 15:47:04
279,0,2026.04.13 ~ 2026.04.19,79,Flashback,엔플라잉 (N.Flying),57623,2026-05-26 15:47:04
280,0,2026.04.13 ~ 2026.04.19,80,에피소드,이무진,142744,2026-05-26 15:47:04
281,0,2026.04.13 ~ 2026.04.19,81,햇빛 bless you,AKMU (악뮤),9357,2026-05-26 15:47:04
282,0,2026.04.13 ~ 2026.04.19,82,I AM,IVE (아이브),238663,2026-05-26 15:47:04
283,0,2026.04.13 ~ 2026.04.19,83,사랑은 늘 도망가,임영웅,237669,2026-05-26 15:47:04
284,0,2026.04.13 ~ 2026.04.19,84,봄 색깔,AKMU (악뮤),7897,2026-05-26 15:47:04
285,0,2026.04.13 ~ 2026.04.19,85,Aliens,방탄소년단,25406,2026-05-26 15:47:04
286,0,2026.04.13 ~ 2026.04.19,86,XOXZ,IVE (아이브),55998,2026-05-26 15:47:04
287,0,2026.04.13 ~ 2026.04.19,87,Like Animals,방탄소년단,27031,2026-05-26 15:47:04
288,0,2026.04.13 ~ 2026.04.19,88,벌레를 내고,AKMU (악뮤),8530,2026-05-26 15:47:04
289,0,2026.04.13 ~ 2026.04.19,89,그래 늦지 않았어 (2025),"아샤트리\, 이예은\, 전건호",17336,2026-05-26 15:47:04
290,0,2026.04.13 ~ 2026.04.19,90,끝사랑,테이,12629,2026-05-26 15:47:04
291,0,2026.04.13 ~ 2026.04.19,91,TOO BAD (feat. Anderson .Paak),G-DRAGON,156073,2026-05-26 15:47:04
292,0,2026.04.13 ~ 2026.04.19,92,힙합보단 사랑\, 사랑보단 돈 (Feat. 베이식),노아주다 (noahjooda),50345,2026-05-26 15:47:04
293,0,2026.04.13 ~ 2026.04.19,93,Merry Go Round,방탄소년단,24221,2026-05-26 15:47:04
294,0,2026.04.13 ~ 2026.04.19,94,한번 더 이별,이창섭,33668,2026-05-26 15:47:04
295,0,2026.04.13 ~ 2026.04.19,95,하루에 하루만 더 (Stick With You),투모로우바이투게더,27778,2026-05-26 15:47:04
296,0,2026.04.13 ~ 2026.04.19,96,Hype Boy,NewJeans,315852,2026-05-26 15:47:04
297,0,2026.04.13 ~ 2026.04.19,97,입춘,한로로,67310,2026-05-26 15:47:04
298,0,2026.04.13 ~ 2026.04.19,98,One More Night,방탄소년단,23020,2026-05-26 15:47:04
299,0,2026.04.13 ~ 2026.04.19,99,운명 (2025),"먼데이 키즈\, 이이경",36310,2026-05-26 15:47:04
300,0,2026.04.13 ~ 2026.04.19,100,they don’t know ’bout us,방탄소년단,23206,2026-05-26 15:47:04
301,0,2026.04.20 ~ 2026.04.26,1,기쁨\, 슬픔\, 아름다운 마음,AKMU (악뮤),79259,2026-05-26 15:47:04
302,0,2026.04.20 ~ 2026.04.26,2,소문의 낙원,AKMU (악뮤),74300,2026-05-26 15:47:04
303,0,2026.04.20 ~ 2026.04.26,3,RUDE!,Hearts2Hearts (하츠투하츠),63368,2026-05-26 15:47:04
304,0,2026.04.20 ~ 2026.04.26,4,BANG BANG,IVE (아이브),64208,2026-05-26 15:47:04
305,0,2026.04.20 ~ 2026.04.26,5,404 (New Era),KiiiKiii (키키),66002,2026-05-26 15:47:04
306,0,2026.04.20 ~ 2026.04.26,6,사랑하게 될 거야,한로로,134530,2026-05-26 15:47:04
307,0,2026.04.20 ~ 2026.04.26,7,Drowning,WOODZ,300622,2026-05-26 15:47:04
308,0,2026.04.20 ~ 2026.04.26,8,0+0,한로로,106519,2026-05-26 15:47:04
309,0,2026.04.20 ~ 2026.04.26,9,Good Goodbye,화사 (HWASA),119761,2026-05-26 15:47:04
310,0,2026.04.20 ~ 2026.04.26,10,타임캡슐,다비치,72432,2026-05-26 15:47:04
311,0,2026.04.20 ~ 2026.04.26,11,SWIM,방탄소년단,60888,2026-05-26 15:47:04
312,0,2026.04.20 ~ 2026.04.26,12,멸종위기사랑,이찬혁,99361,2026-05-26 15:47:04
313,0,2026.04.20 ~ 2026.04.26,13,"어떻게 이별까지 사랑하겠어\, 널 사랑하는 거지",AKMU (악뮤),497436,2026-05-26 15:47:04
314,0,2026.04.20 ~ 2026.04.26,14,Popcorn,도경수(D.O.),82182,2026-05-26 15:47:04
315,0,2026.04.20 ~ 2026.04.26,15,그대 작은 나의 세상이 되어,카더가든,83793,2026-05-26 15:47:04
316,0,2026.04.20 ~ 2026.04.26,16,너에게 닿기를,10CM,151016,2026-05-26 15:47:04
317,0,2026.04.20 ~ 2026.04.26,17,캐치 캐치,YENA (최예나),34066,2026-05-26 15:47:04
318,0,2026.04.20 ~ 2026.04.26,18,어제보다 슬픈 오늘,우디 (Woody),85786,2026-05-26 15:47:04
319,0,2026.04.20 ~ 2026.04.26,19,Body to Body,방탄소년단,46266,2026-05-26 15:47:04
320,0,2026.04.20 ~ 2026.04.26,20,너의 모든 순간,성시경,323979,2026-05-26 15:47:04
321,0,2026.04.20 ~ 2026.04.26,21,Blue Valentine,NMIXX,116957,2026-05-26 15:47:04
322,0,2026.04.20 ~ 2026.04.26,22,Golden,"HUNTR/X\, EJAE\, AUDREY NUNA\, REI AMI\, KPop Demon Hunters Cast",192148,2026-05-26 15:47:04
323,0,2026.04.20 ~ 2026.04.26,23,모르시나요(PROD.로코베리),조째즈,107849,2026-05-26 15:47:04
324,0,2026.04.20 ~ 2026.04.26,24,뛰어(JUMP),BLACKPINK,97001,2026-05-26 15:47:04
325,0,2026.04.20 ~ 2026.04.26,25,toxic till the end,로제 (ROSÉ),155503,2026-05-26 15:47:04
326,0,2026.04.20 ~ 2026.04.26,26,TICK TOCK (Feat. ZICO) (Prod. by ZICO\, Crush),김하온 (HAON)\, Nosun\, Raf Sandou\, Marv\, 정준혁,39119,2026-05-26 15:47:04
327,0,2026.04.20 ~ 2026.04.26,27,내게 사랑이 뭐냐고 물어본다면,로이킴,97854,2026-05-26 15:47:04
328,0,2026.04.20 ~ 2026.04.26,28,천상연,이창섭,146871,2026-05-26 15:47:04
329,0,2026.04.20 ~ 2026.04.26,29,BLACKHOLE,IVE (아이브),39132,2026-05-26 15:47:04
330,0,2026.04.20 ~ 2026.04.26,30,Ode to Love,NCT WISH,36142,2026-05-26 15:47:04
331,0,2026.04.20 ~ 2026.04.26,31,HAPPY,DAY6 (데이식스),214995,2026-05-26 15:47:04
332,0,2026.04.20 ~ 2026.04.26,32,사랑인가 봐,멜로망스,237136,2026-05-26 15:47:04
333,0,2026.04.20 ~ 2026.04.26,33,소나기,이클립스 (ECLIPSE),196585,2026-05-26 15:47:04
334,0,2026.04.20 ~ 2026.04.26,34,그대만 있다면 (여름날 우리 X 너드커넥션 (Nerd Connection)),너드커넥션 (Nerd Connection),173241,2026-05-26 15:47:04
335,0,2026.04.20 ~ 2026.04.26,35,Whiplash,aespa,153495,2026-05-26 15:47:04
336,0,2026.04.20 ~ 2026.04.26,36,HOME SWEET HOME (feat. 태양\, 대성),G-DRAGON,230279,2026-05-26 15:47:04
337,0,2026.04.20 ~ 2026.04.26,37,한 페이지가 될 수 있게,DAY6 (데이식스),368484,2026-05-26 15:47:04
338,0,2026.04.20 ~ 2026.04.26,38,2.0,방탄소년단,29895,2026-05-26 15:47:04
339,0,2026.04.20 ~ 2026.04.26,39,모든 날\, 모든 순간 (Every day\, Every Moment),폴킴,437967,2026-05-26 15:47:04
340,0,2026.04.20 ~ 2026.04.26,40,like JENNIE,제니 (JENNIE),110573,2026-05-26 15:47:04
341,0,2026.04.20 ~ 2026.04.26,41,Love Love Love (Feat. Yoong Jin Of Casker),에픽하이 (EPIK HIGH),123779,2026-05-26 15:47:04
342,0,2026.04.20 ~ 2026.04.26,42,청춘만화,이무진,101491,2026-05-26 15:47:04
343,0,2026.04.20 ~ 2026.04.26,43,사랑은 봄비처럼...이별은 겨울비처럼...,임현정,69381,2026-05-26 15:47:04
344,0,2026.04.20 ~ 2026.04.26,44,주저하는 연인들을 위해,잔나비,454223,2026-05-26 15:47:04
345,0,2026.04.20 ~ 2026.04.26,45,나는 반딧불,황가람,158947,2026-05-26 15:47:04
346,0,2026.04.20 ~ 2026.04.26,46,SPAGHETTI (feat. j-hope of BTS),LE SSERAFIM (르세라핌)\, j-hope,51260,2026-05-26 15:47:04
347,0,2026.04.20 ~ 2026.04.26,47,Flower,오반(OVAN),87181,2026-05-26 15:47:04
348,0,2026.04.20 ~ 2026.04.26,48,예뻤어,DAY6 (데이식스),381251,2026-05-26 15:47:04
349,0,2026.04.20 ~ 2026.04.26,49,청혼하지 않을 이유를 못 찾았어,이무진,73993,2026-05-26 15:47:04
350,0,2026.04.20 ~ 2026.04.26,50,눈을 감아도(2026),순순희(지환),13439,2026-05-26 15:47:04
351,0,2026.04.20 ~ 2026.04.26,51,Welcome to the Show,DAY6 (데이식스),199563,2026-05-26 15:47:04
352,0,2026.04.20 ~ 2026.04.26,52,달리 표현할 수 없어요,로이킴,41973,2026-05-26 15:47:04
353,0,2026.04.20 ~ 2026.04.26,53,FAMOUS,ALLDAY PROJECT,131650,2026-05-26 15:47:04
354,0,2026.04.20 ~ 2026.04.26,54,Hooligan,방탄소년단,31309,2026-05-26 15:47:04
355,0,2026.04.20 ~ 2026.04.26,55,봄날,방탄소년단,509159,2026-05-26 15:47:04
356,0,2026.04.20 ~ 2026.04.26,56,시작의 아이 ❍,"박다혜\, 마크툽 (MAKTUB)",71470,2026-05-26 15:47:04
357,0,2026.04.20 ~ 2026.04.26,57,APT.,로제 (ROSÉ)\, Bruno Mars,221041,2026-05-26 15:47:04
358,0,2026.04.20 ~ 2026.04.26,58,STYLE,Hearts2Hearts (하츠투하츠),60830,2026-05-26 15:47:04
359,0,2026.04.20 ~ 2026.04.26,59,ONE MORE TIME,ALLDAY PROJECT,61413,2026-05-26 15:47:04
360,0,2026.04.20 ~ 2026.04.26,60,이 밤을 빌려 말해요,PLAVE,31251,2026-05-26 15:47:04
361,0,2026.04.20 ~ 2026.04.26,61,Love wins all,아이유,223529,2026-05-26 15:47:04
362,0,2026.04.20 ~ 2026.04.26,62,다정히 내 이름을 부르면,"경서예지\, 전건호",223789,2026-05-26 15:47:04
363,0,2026.04.20 ~ 2026.04.26,63,첫 만남은 계획대로 되지 않아,TWS (투어스),174982,2026-05-26 15:47:04
364,0,2026.04.20 ~ 2026.04.26,64,REBEL HEART,IVE (아이브),120777,2026-05-26 15:47:04
365,0,2026.04.20 ~ 2026.04.26,65,Seven (feat. Latto) - Clean Ver.,정국,231559,2026-05-26 15:47:04
366,0,2026.04.20 ~ 2026.04.26,66,오늘만 I LOVE YOU,BOYNEXTDOOR,186448,2026-05-26 15:47:04
367,0,2026.04.20 ~ 2026.04.26,67,헤어지자 말해요,박재정,194185,2026-05-26 15:47:04
368,0,2026.04.20 ~ 2026.04.26,68,KISS KISS KISS (Feat. 선우 (THE BOYZ)) (Prod. by Hukky Shibaseki),"NOWIMYOUNG (나우아임영)\, Royal 44",30182,2026-05-26 15:47:04
369,0,2026.04.20 ~ 2026.04.26,69,FOCUS,Hearts2Hearts (하츠투하츠),43462,2026-05-26 15:47:04
370,0,2026.04.20 ~ 2026.04.26,70,Die With A Smile,Lady Gaga\, Bruno Mars,136070,2026-05-26 15:47:04
371,0,2026.04.20 ~ 2026.04.26,71,Sticky,NCT WISH,26050,2026-05-26 15:47:04
372,0,2026.04.20 ~ 2026.04.26,72,OVERDRIVE,TWS (투어스),44529,2026-05-26 15:47:04
373,0,2026.04.20 ~ 2026.04.26,73,Flashback,엔플라잉 (N.Flying),57623,2026-05-26 15:47:04
374,0,2026.04.20 ~ 2026.04.26,74,햇빛 bless you,AKMU (악뮤),9357,2026-05-26 15:47:04
375,0,2026.04.20 ~ 2026.04.26,75,Never Ending Story,아이유,86574,2026-05-26 15:47:04
376,0,2026.04.20 ~ 2026.04.26,76,NOT CUTE ANYMORE,아일릿(ILLIT),48184,2026-05-26 15:47:04
377,0,2026.04.20 ~ 2026.04.26,77,사랑은 늘 도망가,임영웅,237669,2026-05-26 15:47:04
378,0,2026.04.20 ~ 2026.04.26,78,Magnetic,아일릿(ILLIT),146163,2026-05-26 15:47:04
379,0,2026.04.20 ~ 2026.04.26,79,Soda Pop,"KPop Demon Hunters Cast\, Danny Chung\, Saja Boys\, Andrew Choi\, Neckwav\, Kevin Woo\, samUIL Lee",116522,2026-05-26 15:47:04
380,0,2026.04.20 ~ 2026.04.26,80,인사,범진,163553,2026-05-26 15:47:04
381,0,2026.04.20 ~ 2026.04.26,81,시작의 아이,마크툽 (MAKTUB),85919,2026-05-26 15:47:04
382,0,2026.04.20 ~ 2026.04.26,82,눈사람,정승환,309981,2026-05-26 15:47:04
383,0,2026.04.20 ~ 2026.04.26,83,FYA,방탄소년단,26520,2026-05-26 15:47:04
384,0,2026.04.20 ~ 2026.04.26,84,에피소드,이무진,142744,2026-05-26 15:47:04
385,0,2026.04.20 ~ 2026.04.26,85,I AM,IVE (아이브),238663,2026-05-26 15:47:04
386,0,2026.04.20 ~ 2026.04.26,86,2.0 (TWO POINT O),NCT WISH,24816,2026-05-26 15:47:04
387,0,2026.04.20 ~ 2026.04.26,87,봄 색깔,AKMU (악뮤),7897,2026-05-26 15:47:04
388,0,2026.04.20 ~ 2026.04.26,88,하루에 하루만 더 (Stick With You),투모로우바이투게더,27778,2026-05-26 15:47:04
389,0,2026.04.20 ~ 2026.04.26,89,Aliens,방탄소년단,25406,2026-05-26 15:47:04
390,0,2026.04.20 ~ 2026.04.26,90,XOXZ,IVE (아이브),55998,2026-05-26 15:47:04
391,0,2026.04.20 ~ 2026.04.26,91,벌레를 내고,AKMU (악뮤),8530,2026-05-26 15:47:04
392,0,2026.04.20 ~ 2026.04.26,92,Like Animals,방탄소년단,27031,2026-05-26 15:47:04
393,0,2026.04.20 ~ 2026.04.26,93,Hype Boy,NewJeans,315852,2026-05-26 15:47:04
394,0,2026.04.20 ~ 2026.04.26,94,Dynamite,방탄소년단,465799,2026-05-26 15:47:04
395,0,2026.04.20 ~ 2026.04.26,95,봄 내음보다 너를,김나영,129674,2026-05-26 15:47:04
396,0,2026.04.20 ~ 2026.04.26,96,한번 더 이별,이창섭,33668,2026-05-26 15:47:04
397,0,2026.04.20 ~ 2026.04.26,97,TOO BAD (feat. Anderson .Paak),G-DRAGON,156073,2026-05-26 15:47:04
398,0,2026.04.20 ~ 2026.04.26,98,Don't Say You Love Me,NCT WISH,24035,2026-05-26 15:47:04
399,0,2026.04.20 ~ 2026.04.26,99,그래 늦지 않았어 (2025),"아샤트리\, 이예은\, 전건호",17337,2026-05-26 15:47:04
400,0,2026.04.20 ~ 2026.04.26,100,Feel The Beat,NCT WISH,20789,2026-05-26 15:47:04
401,0,2026.04.27 ~ 2026.05.03,1,소문의 낙원,AKMU (악뮤),74300,2026-05-26 15:47:04
402,0,2026.04.27 ~ 2026.05.03,2,기쁨\, 슬픔\, 아름다운 마음,AKMU (악뮤),79259,2026-05-26 15:47:04
403,0,2026.04.27 ~ 2026.05.03,3,RUDE!,Hearts2Hearts (하츠투하츠),63368,2026-05-26 15:47:04
404,0,2026.04.27 ~ 2026.05.03,4,BANG BANG,IVE (아이브),64208,2026-05-26 15:47:04
405,0,2026.04.27 ~ 2026.05.03,5,404 (New Era),KiiiKiii (키키),66002,2026-05-26 15:47:04
406,0,2026.04.27 ~ 2026.05.03,6,사랑하게 될 거야,한로로,134530,2026-05-26 15:47:04
407,0,2026.04.27 ~ 2026.05.03,7,Drowning,WOODZ,300622,2026-05-26 15:47:04
408,0,2026.04.27 ~ 2026.05.03,8,0+0,한로로,106519,2026-05-26 15:47:04
409,0,2026.04.27 ~ 2026.05.03,9,Good Goodbye,화사 (HWASA),119761,2026-05-26 15:47:04
410,0,2026.04.27 ~ 2026.05.03,10,타임캡슐,다비치,72432,2026-05-26 15:47:04
411,0,2026.04.27 ~ 2026.05.03,11,캐치 캐치,YENA (최예나),34066,2026-05-26 15:47:04
412,0,2026.04.27 ~ 2026.05.03,12,SWIM,방탄소년단,60888,2026-05-26 15:47:04
413,0,2026.04.27 ~ 2026.05.03,13,멸종위기사랑,이찬혁,99361,2026-05-26 15:47:04
414,0,2026.04.27 ~ 2026.05.03,14,Popcorn,도경수(D.O.),82182,2026-05-26 15:47:04
415,0,2026.04.27 ~ 2026.05.03,15,"어떻게 이별까지 사랑하겠어\, 널 사랑하는 거지",AKMU (악뮤),497436,2026-05-26 15:47:04
416,0,2026.04.27 ~ 2026.05.03,16,너에게 닿기를,10CM,151016,2026-05-26 15:47:04
417,0,2026.04.27 ~ 2026.05.03,17,그대 작은 나의 세상이 되어,카더가든,83793,2026-05-26 15:47:04
418,0,2026.04.27 ~ 2026.05.03,18,어제보다 슬픈 오늘,우디 (Woody),85786,2026-05-26 15:47:04
419,0,2026.04.27 ~ 2026.05.03,19,Golden,"HUNTR/X\, EJAE\, AUDREY NUNA\, REI AMI\, KPop Demon Hunters Cast",192148,2026-05-26 15:47:04
420,0,2026.04.27 ~ 2026.05.03,20,Blue Valentine,NMIXX,116957,2026-05-26 15:47:04
421,0,2026.04.27 ~ 2026.05.03,21,너의 모든 순간,성시경,323979,2026-05-26 15:47:04
422,0,2026.04.27 ~ 2026.05.03,22,뛰어(JUMP),BLACKPINK,97001,2026-05-26 15:47:04
423,0,2026.04.27 ~ 2026.05.03,23,Body to Body,방탄소년단,46266,2026-05-26 15:47:04
424,0,2026.04.27 ~ 2026.05.03,24,모르시나요(PROD.로코베리),조째즈,107849,2026-05-26 15:47:04
425,0,2026.04.27 ~ 2026.05.03,25,toxic till the end,로제 (ROSÉ),155503,2026-05-26 15:47:04
426,0,2026.04.27 ~ 2026.05.03,26,내게 사랑이 뭐냐고 물어본다면,로이킴,97854,2026-05-26 15:47:04
427,0,2026.04.27 ~ 2026.05.03,27,천상연,이창섭,146871,2026-05-26 15:47:04
428,0,2026.04.27 ~ 2026.05.03,28,TICK TOCK (Feat. ZICO) (Prod. by ZICO\, Crush),김하온 (HAON)\, Nosun\, Raf Sandou\, Marv\, 정준혁,39119,2026-05-26 15:47:04
429,0,2026.04.27 ~ 2026.05.03,29,BLACKHOLE,IVE (아이브),39132,2026-05-26 15:47:04
430,0,2026.04.27 ~ 2026.05.03,30,Ode to Love,NCT WISH,36143,2026-05-26 15:47:04
431,0,2026.04.27 ~ 2026.05.03,31,HAPPY,DAY6 (데이식스),214995,2026-05-26 15:47:04
432,0,2026.04.27 ~ 2026.05.03,32,소나기,이클립스 (ECLIPSE),196585,2026-05-26 15:47:04
433,0,2026.04.27 ~ 2026.05.03,33,Whiplash,aespa,153495,2026-05-26 15:47:04
434,0,2026.04.27 ~ 2026.05.03,34,한 페이지가 될 수 있게,DAY6 (데이식스),368484,2026-05-26 15:47:04
435,0,2026.04.27 ~ 2026.05.03,35,사랑인가 봐,멜로망스,237136,2026-05-26 15:47:04
436,0,2026.04.27 ~ 2026.05.03,36,HOME SWEET HOME (feat. 태양\, 대성),G-DRAGON,230279,2026-05-26 15:47:04
437,0,2026.04.27 ~ 2026.05.03,37,청춘만화,이무진,101491,2026-05-26 15:47:04
438,0,2026.04.27 ~ 2026.05.03,38,그대만 있다면 (여름날 우리 X 너드커넥션 (Nerd Connection)),너드커넥션 (Nerd Connection),173241,2026-05-26 15:47:04
439,0,2026.04.27 ~ 2026.05.03,39,like JENNIE,제니 (JENNIE),110573,2026-05-26 15:47:04
440,0,2026.04.27 ~ 2026.05.03,40,모든 날\, 모든 순간 (Every day\, Every Moment),폴킴,437967,2026-05-26 15:47:04
441,0,2026.04.27 ~ 2026.05.03,41,Love Love Love (Feat. Yoong Jin Of Casker),에픽하이 (EPIK HIGH),123779,2026-05-26 15:47:04
442,0,2026.04.27 ~ 2026.05.03,42,나는 반딧불,황가람,158947,2026-05-26 15:47:04
443,0,2026.04.27 ~ 2026.05.03,43,SPAGHETTI (feat. j-hope of BTS),LE SSERAFIM (르세라핌)\, j-hope,51260,2026-05-26 15:47:04
444,0,2026.04.27 ~ 2026.05.03,44,주저하는 연인들을 위해,잔나비,454223,2026-05-26 15:47:04
445,0,2026.04.27 ~ 2026.05.03,45,사랑은 봄비처럼...이별은 겨울비처럼...,임현정,69381,2026-05-26 15:47:04
446,0,2026.04.27 ~ 2026.05.03,46,2.0,방탄소년단,29895,2026-05-26 15:47:04
447,0,2026.04.27 ~ 2026.05.03,47,청혼하지 않을 이유를 못 찾았어,이무진,73993,2026-05-26 15:47:04
448,0,2026.04.27 ~ 2026.05.03,48,예뻤어,DAY6 (데이식스),381251,2026-05-26 15:47:04
449,0,2026.04.27 ~ 2026.05.03,49,Flower,오반(OVAN),87181,2026-05-26 15:47:04
450,0,2026.04.27 ~ 2026.05.03,50,Welcome to the Show,DAY6 (데이식스),199563,2026-05-26 15:47:04
451,0,2026.04.27 ~ 2026.05.03,51,첫 만남은 계획대로 되지 않아,TWS (투어스),174982,2026-05-26 15:47:04
452,0,2026.04.27 ~ 2026.05.03,52,FAMOUS,ALLDAY PROJECT,131650,2026-05-26 15:47:04
453,0,2026.04.27 ~ 2026.05.03,53,눈을 감아도(2026),순순희(지환),13439,2026-05-26 15:47:04
454,0,2026.04.27 ~ 2026.05.03,54,달리 표현할 수 없어요,로이킴,41973,2026-05-26 15:47:04
455,0,2026.04.27 ~ 2026.05.03,55,APT.,로제 (ROSÉ)\, Bruno Mars,221041,2026-05-26 15:47:04
456,0,2026.04.27 ~ 2026.05.03,56,시작의 아이 ❍,"박다혜\, 마크툽 (MAKTUB)",71470,2026-05-26 15:47:04
457,0,2026.04.27 ~ 2026.05.03,57,봄날,방탄소년단,509159,2026-05-26 15:47:04
458,0,2026.04.27 ~ 2026.05.03,58,Hooligan,방탄소년단,31309,2026-05-26 15:47:04
459,0,2026.04.27 ~ 2026.05.03,59,STYLE,Hearts2Hearts (하츠투하츠),60830,2026-05-26 15:47:04
460,0,2026.04.27 ~ 2026.05.03,60,Love wins all,아이유,223529,2026-05-26 15:47:04
461,0,2026.04.27 ~ 2026.05.03,61,REBEL HEART,IVE (아이브),120777,2026-05-26 15:47:04
462,0,2026.04.27 ~ 2026.05.03,62,다정히 내 이름을 부르면,"경서예지\, 전건호",223789,2026-05-26 15:47:04
463,0,2026.04.27 ~ 2026.05.03,63,ONE MORE TIME,ALLDAY PROJECT,61413,2026-05-26 15:47:04
464,0,2026.04.27 ~ 2026.05.03,64,REDRED,CORTIS (코르티스),44342,2026-05-26 15:47:04
465,0,2026.04.27 ~ 2026.05.03,65,Seven (feat. Latto) - Clean Ver.,정국,231559,2026-05-26 15:47:04
466,0,2026.04.27 ~ 2026.05.03,66,오늘만 I LOVE YOU,BOYNEXTDOOR,186448,2026-05-26 15:47:04
467,0,2026.04.27 ~ 2026.05.03,67,OVERDRIVE,TWS (투어스),44529,2026-05-26 15:47:04
468,0,2026.04.27 ~ 2026.05.03,68,이 밤을 빌려 말해요,PLAVE,31251,2026-05-26 15:47:04
469,0,2026.04.27 ~ 2026.05.03,69,헤어지자 말해요,박재정,194185,2026-05-26 15:47:04
470,0,2026.04.27 ~ 2026.05.03,70,KISS KISS KISS (Feat. 선우 (THE BOYZ)) (Prod. by Hukky Shibaseki),"NOWIMYOUNG (나우아임영)\, Royal 44",30182,2026-05-26 15:47:04
471,0,2026.04.27 ~ 2026.05.03,71,Die With A Smile,Lady Gaga\, Bruno Mars,136070,2026-05-26 15:47:04
472,0,2026.04.27 ~ 2026.05.03,72,FOCUS,Hearts2Hearts (하츠투하츠),43462,2026-05-26 15:47:04
473,0,2026.04.27 ~ 2026.05.03,73,Sticky,NCT WISH,26050,2026-05-26 15:47:04
474,0,2026.04.27 ~ 2026.05.03,74,사랑은 늘 도망가,임영웅,237669,2026-05-26 15:47:04
475,0,2026.04.27 ~ 2026.05.03,75,Never Ending Story,아이유,86574,2026-05-26 15:47:04
476,0,2026.04.27 ~ 2026.05.03,76,Flashback,엔플라잉 (N.Flying),57623,2026-05-26 15:47:04
477,0,2026.04.27 ~ 2026.05.03,77,Soda Pop,"KPop Demon Hunters Cast\, Danny Chung\, Saja Boys\, Andrew Choi\, Neckwav\, Kevin Woo\, samUIL Lee",116522,2026-05-26 15:47:04
478,0,2026.04.27 ~ 2026.05.03,78,NOT CUTE ANYMORE,아일릿(ILLIT),48184,2026-05-26 15:47:04
479,0,2026.04.27 ~ 2026.05.03,79,하루에 하루만 더 (Stick With You),투모로우바이투게더,27778,2026-05-26 15:47:04
480,0,2026.04.27 ~ 2026.05.03,80,Magnetic,아일릿(ILLIT),146163,2026-05-26 15:47:04
481,0,2026.04.27 ~ 2026.05.03,81,FYA,방탄소년단,26520,2026-05-26 15:47:04
482,0,2026.04.27 ~ 2026.05.03,82,햇빛 bless you,AKMU (악뮤),9357,2026-05-26 15:47:04
483,0,2026.04.27 ~ 2026.05.03,83,인사,범진,163553,2026-05-26 15:47:04
484,0,2026.04.27 ~ 2026.05.03,84,시작의 아이,마크툽 (MAKTUB),85919,2026-05-26 15:47:04
485,0,2026.04.27 ~ 2026.05.03,85,에피소드,이무진,142744,2026-05-26 15:47:04
486,0,2026.04.27 ~ 2026.05.03,86,I AM,IVE (아이브),238663,2026-05-26 15:47:04
487,0,2026.04.27 ~ 2026.05.03,87,눈사람,정승환,309981,2026-05-26 15:47:04
488,0,2026.04.27 ~ 2026.05.03,88,Dynamite,방탄소년단,465799,2026-05-26 15:47:04
489,0,2026.04.27 ~ 2026.05.03,89,Aliens,방탄소년단,25406,2026-05-26 15:47:04
490,0,2026.04.27 ~ 2026.05.03,90,2.0 (TWO POINT O),NCT WISH,24816,2026-05-26 15:47:04
491,0,2026.04.27 ~ 2026.05.03,91,Don't Say You Love Me,NCT WISH,24035,2026-05-26 15:47:04
492,0,2026.04.27 ~ 2026.05.03,92,XOXZ,IVE (아이브),55998,2026-05-26 15:47:04
493,0,2026.04.27 ~ 2026.05.03,93,Hype Boy,NewJeans,315852,2026-05-26 15:47:04
494,0,2026.04.27 ~ 2026.05.03,94,Like Animals,방탄소년단,27031,2026-05-26 15:47:04
495,0,2026.04.27 ~ 2026.05.03,95,봄 내음보다 너를,김나영,129674,2026-05-26 15:47:04
496,0,2026.04.27 ~ 2026.05.03,96,TOO BAD (feat. Anderson .Paak),G-DRAGON,156073,2026-05-26 15:47:04
497,0,2026.04.27 ~ 2026.05.03,97,한번 더 이별,이창섭,33668,2026-05-26 15:47:04
498,0,2026.04.27 ~ 2026.05.03,98,그래 늦지 않았어 (2025),"아샤트리\, 이예은\, 전건호",17337,2026-05-26 15:47:04
499,0,2026.04.27 ~ 2026.05.03,99,Feel The Beat,NCT WISH,20789,2026-05-26 15:47:04
500,0,2026.04.27 ~ 2026.05.03,100,Born Savage,PLAVE,33059,2026-05-26 15:47:04
501,0,2026.05.04 ~ 2026.05.10,1,소문의 낙원,AKMU (악뮤),74300,2026-05-26 15:47:04
502,0,2026.05.04 ~ 2026.05.10,2,기쁨\, 슬픔\, 아름다운 마음,AKMU (악뮤),79259,2026-05-26 15:47:04
503,0,2026.05.04 ~ 2026.05.10,3,RUDE!,Hearts2Hearts (하츠투하츠),63368,2026-05-26 15:47:04
504,0,2026.05.04 ~ 2026.05.10,4,BANG BANG,IVE (아이브),64208,2026-05-26 15:47:04
505,0,2026.05.04 ~ 2026.05.10,5,사랑하게 될 거야,한로로,134530,2026-05-26 15:47:04
506,0,2026.05.04 ~ 2026.05.10,6,404 (New Era),KiiiKiii (키키),66002,2026-05-26 15:47:04
507,0,2026.05.04 ~ 2026.05.10,7,Drowning,WOODZ,300622,2026-05-26 15:47:04
508,0,2026.05.04 ~ 2026.05.10,8,0+0,한로로,106520,2026-05-26 15:47:04
509,0,2026.05.04 ~ 2026.05.10,9,REDRED,CORTIS (코르티스),44341,2026-05-26 15:47:04
510,0,2026.05.04 ~ 2026.05.10,10,캐치 캐치,YENA (최예나),34066,2026-05-26 15:47:04
511,0,2026.05.04 ~ 2026.05.10,11,Good Goodbye,화사 (HWASA),119761,2026-05-26 15:47:04
512,0,2026.05.04 ~ 2026.05.10,12,타임캡슐,다비치,72432,2026-05-26 15:47:04
513,0,2026.05.04 ~ 2026.05.10,13,Popcorn,도경수(D.O.),82182,2026-05-26 15:47:04
514,0,2026.05.04 ~ 2026.05.10,14,너에게 닿기를,10CM,151016,2026-05-26 15:47:04
515,0,2026.05.04 ~ 2026.05.10,15,멸종위기사랑,이찬혁,99361,2026-05-26 15:47:04
516,0,2026.05.04 ~ 2026.05.10,16,SWIM,방탄소년단,60888,2026-05-26 15:47:04
517,0,2026.05.04 ~ 2026.05.10,17,"어떻게 이별까지 사랑하겠어\, 널 사랑하는 거지",AKMU (악뮤),497436,2026-05-26 15:47:04
518,0,2026.05.04 ~ 2026.05.10,18,그대 작은 나의 세상이 되어,카더가든,83793,2026-05-26 15:47:04
519,0,2026.05.04 ~ 2026.05.10,19,어제보다 슬픈 오늘,우디 (Woody),85786,2026-05-26 15:47:04
520,0,2026.05.04 ~ 2026.05.10,20,It′s Me,아일릿(ILLIT),29584,2026-05-26 15:47:04
521,0,2026.05.04 ~ 2026.05.10,21,Golden,"HUNTR/X\, EJAE\, AUDREY NUNA\, REI AMI\, KPop Demon Hunters Cast",192148,2026-05-26 15:47:04
522,0,2026.05.04 ~ 2026.05.10,22,Blue Valentine,NMIXX,116957,2026-05-26 15:47:04
523,0,2026.05.04 ~ 2026.05.10,23,너의 모든 순간,성시경,323979,2026-05-26 15:47:04
524,0,2026.05.04 ~ 2026.05.10,24,뛰어(JUMP),BLACKPINK,97001,2026-05-26 15:47:04
525,0,2026.05.04 ~ 2026.05.10,25,모르시나요(PROD.로코베리),조째즈,107849,2026-05-26 15:47:04
526,0,2026.05.04 ~ 2026.05.10,26,toxic till the end,로제 (ROSÉ),155503,2026-05-26 15:47:04
527,0,2026.05.04 ~ 2026.05.10,27,Body to Body,방탄소년단,46266,2026-05-26 15:47:04
528,0,2026.05.04 ~ 2026.05.10,28,내게 사랑이 뭐냐고 물어본다면,로이킴,97854,2026-05-26 15:47:04
529,0,2026.05.04 ~ 2026.05.10,29,천상연,이창섭,146871,2026-05-26 15:47:04
530,0,2026.05.04 ~ 2026.05.10,30,BLACKHOLE,IVE (아이브),39132,2026-05-26 15:47:04
531,0,2026.05.04 ~ 2026.05.10,31,TICK TOCK (Feat. ZICO) (Prod. by ZICO\, Crush),김하온 (HAON)\, Nosun\, Raf Sandou\, Marv\, 정준혁,39119,2026-05-26 15:47:04
532,0,2026.05.04 ~ 2026.05.10,32,HAPPY,DAY6 (데이식스),214995,2026-05-26 15:47:04
533,0,2026.05.04 ~ 2026.05.10,33,소나기,이클립스 (ECLIPSE),196586,2026-05-26 15:47:04
534,0,2026.05.04 ~ 2026.05.10,34,Whiplash,aespa,153495,2026-05-26 15:47:04
535,0,2026.05.04 ~ 2026.05.10,35,청춘만화,이무진,101491,2026-05-26 15:47:04
536,0,2026.05.04 ~ 2026.05.10,36,한 페이지가 될 수 있게,DAY6 (데이식스),368484,2026-05-26 15:47:04
537,0,2026.05.04 ~ 2026.05.10,37,like JENNIE,제니 (JENNIE),110573,2026-05-26 15:47:04
538,0,2026.05.04 ~ 2026.05.10,38,그대만 있다면 (여름날 우리 X 너드커넥션 (Nerd Connection)),너드커넥션 (Nerd Connection),173241,2026-05-26 15:47:04
539,0,2026.05.04 ~ 2026.05.10,39,HOME SWEET HOME (feat. 태양\, 대성),G-DRAGON,230279,2026-05-26 15:47:04
540,0,2026.05.04 ~ 2026.05.10,40,사랑인가 봐,멜로망스,237136,2026-05-26 15:47:04
541,0,2026.05.04 ~ 2026.05.10,41,모든 날\, 모든 순간 (Every day\, Every Moment),폴킴,437967,2026-05-26 15:47:04
542,0,2026.05.04 ~ 2026.05.10,42,Love Love Love (Feat. Yoong Jin Of Casker),에픽하이 (EPIK HIGH),123779,2026-05-26 15:47:04
543,0,2026.05.04 ~ 2026.05.10,43,나는 반딧불,황가람,158947,2026-05-26 15:47:04
544,0,2026.05.04 ~ 2026.05.10,44,청혼하지 않을 이유를 못 찾았어,이무진,73993,2026-05-26 15:47:04
545,0,2026.05.04 ~ 2026.05.10,45,SPAGHETETI (feat. j-hope of BTS),LE SSERAFIM (르세라핌)\, j-hope,51260,2026-05-26 15:47:04
546,0,2026.05.04 ~ 2026.05.10,46,주저하는 연인들을 위해,잔나비,454223,2026-05-26 15:47:04
547,0,2026.05.04 ~ 2026.05.10,47,예뻤어,DAY6 (데이식스),381251,2026-05-26 15:47:04
548,0,2026.05.04 ~ 2026.05.10,48,첫 만남은 계획대로 되지 않아,TWS (투어스),174982,2026-05-26 15:47:04
549,0,2026.05.04 ~ 2026.05.10,49,2.0,방탄소년단,29895,2026-05-26 15:47:04
550,0,2026.05.04 ~ 2026.05.10,50,사랑은 봄비처럼...이별은 겨울비처럼...,임현정,69381,2026-05-26 15:47:04
551,0,2026.05.04 ~ 2026.05.10,51,Welcome to the Show,DAY6 (데이식스),199563,2026-05-26 15:47:04
552,0,2026.05.04 ~ 2026.05.10,52,Flower,오반(OVAN),87181,2026-05-26 15:47:04
553,0,2026.05.04 ~ 2026.05.10,53,FAMOUS,ALLDAY PROJECT,131650,2026-05-26 15:47:04
554,0,2026.05.04 ~ 2026.05.10,54,눈을 감아도(2026),순순희(지환),13439,2026-05-26 15:47:04
555,0,2026.05.04 ~ 2026.05.10,55,APT.,로제 (ROSÉ)\, Bruno Mars,221041,2026-05-26 15:47:04
556,0,2026.05.04 ~ 2026.05.10,56,달리 표현할 수 없어요,로이킴,41973,2026-05-26 15:47:04
557,0,2026.05.04 ~ 2026.05.10,57,시작의 아이 ❍,"박다혜\, 마크툽 (MAKTUB)",71470,2026-05-26 15:47:04
558,0,2026.05.04 ~ 2026.05.10,58,STYLE,Hearts2Hearts (하츠투하츠),60831,2026-05-26 15:47:04
559,0,2026.05.04 ~ 2026.05.10,59,봄날,방탄소년단,509159,2026-05-26 15:47:04
560,0,2026.05.04 ~ 2026.05.10,60,Seven (feat. Latto) - Clean Ver.,정국,231559,2026-05-26 15:47:04
561,0,2026.05.04 ~ 2026.05.10,61,REBEL HEART,IVE (아이브),120777,2026-05-26 15:47:04
562,0,2026.05.04 ~ 2026.05.10,62,KISS KISS KISS (Feat. 선우 (THE BOYZ)) (Prod. by Hukky Shibaseki),"NOWIMYOUNG (나우아임영)\, Royal 44",30182,2026-05-26 15:47:04
563,0,2026.05.04 ~ 2026.05.10,63,Hooligan,방탄소년단,31309,2026-05-26 15:47:04
564,0,2026.05.04 ~ 2026.05.10,64,OVERDRIVE,TWS (투어스),44529,2026-05-26 15:47:04
565,0,2026.05.04 ~ 2026.05.10,65,다정히 내 이름을 부르면,"경서예지\, 전건호",223789,2026-05-26 15:47:04
566,0,2026.05.04 ~ 2026.05.10,66,Ode to Love,NCT WISH,36143,2026-05-26 15:47:04
567,0,2026.05.04 ~ 2026.05.10,67,Love wins all,아이유,223529,2026-05-26 15:47:04
568,0,2026.05.04 ~ 2026.05.10,68,ONE MORE TIME,ALLDAY PROJECT,61413,2026-05-26 15:47:04
569,0,2026.05.04 ~ 2026.05.10,69,오늘만 I LOVE YOU,BOYNEXTDOOR,186448,2026-05-26 15:47:04
570,0,2026.05.04 ~ 2026.05.10,70,헤어지자 말해요,박재정,194185,2026-05-26 15:47:04
571,0,2026.05.04 ~ 2026.05.10,71,Die With A Smile,Lady Gaga\, Bruno Mars,136070,2026-05-26 15:47:04
572,0,2026.05.04 ~ 2026.05.10,72,FOCUS,Hearts2Hearts (하츠투하츠),43462,2026-05-26 15:47:04
573,0,2026.05.04 ~ 2026.05.10,73,사랑은 늘 도망가,임영웅,237669,2026-05-26 15:47:04
574,0,2026.05.04 ~ 2026.05.10,74,Never Ending Story,아이유,86574,2026-05-26 15:47:04
575,0,2026.05.04 ~ 2026.05.10,75,이 밤을 빌려 말해요,PLAVE,31251,2026-05-26 15:47:04
576,0,2026.05.04 ~ 2026.05.10,76,Flashback,엔플라잉 (N.Flying),57623,2026-05-26 15:47:04
577,0,2026.05.04 ~ 2026.05.10,77,Soda Pop,"KPop Demon Hunters Cast\, Danny Chung\, Saja Boys\, Andrew Choi\, Neckwav\, Kevin Woo\, samUIL Lee",116522,2026-05-26 15:47:04
578,0,2026.05.04 ~ 2026.05.10,78,NOT CUTE ANYMORE,아일릿(ILLIT),48184,2026-05-26 15:47:04
579,0,2026.05.04 ~ 2026.05.10,79,Magnetic,아일릿(ILLIT),146163,2026-05-26 15:47:04
580,0,2026.05.04 ~ 2026.05.10,80,하루에 하루만 더 (Stick With You),투모로우바이투게더,27778,2026-05-26 15:47:04
581,0,2026.05.04 ~ 2026.05.10,81,에피소드,이무진,142744,2026-05-26 15:47:04
582,0,2026.05.04 ~ 2026.05.10,82,FYA,방탄소년단,26520,2026-05-26 15:47:04
583,0,2026.05.04 ~ 2026.05.10,83,I AM,IVE (아이브),238663,2026-05-26 15:47:04
584,0,2026.05.04 ~ 2026.05.10,84,Dynamite,방탄소년단,465799,2026-05-26 15:47:04
585,0,2026.05.04 ~ 2026.05.10,85,시작의 아이,마크툽 (MAKTUB),85919,2026-05-26 15:47:04
586,0,2026.05.04 ~ 2026.05.10,86,봄 내음보다 너를,김나영,129674,2026-05-26 15:47:04
587,0,2026.05.04 ~ 2026.05.10,87,인사,범진,163553,2026-05-26 15:47:04
588,0,2026.05.04 ~ 2026.05.10,88,Hype Boy,NewJeans,315852,2026-05-26 15:47:04
589,0,2026.05.04 ~ 2026.05.10,89,Aliens,방탄소년단,25406,2026-05-26 15:47:04
590,0,2026.05.04 ~ 2026.05.10,90,Like Animals,방탄소년단,27031,2026-05-26 15:47:04
591,0,2026.05.04 ~ 2026.05.10,91,Sticky,NCT WISH,26050,2026-05-26 15:47:04
592,0,2026.05.04 ~ 2026.05.10,92,눈사람,정승환,309981,2026-05-26 15:47:04
593,0,2026.05.04 ~ 2026.05.10,93,XOXZ,IVE (아이브),55998,2026-05-26 15:47:04
594,0,2026.05.04 ~ 2026.05.10,94,TOO BAD (feat. Anderson .Paak),G-DRAGON,156073,2026-05-26 15:47:04
595,0,2026.05.04 ~ 2026.05.10,95,Merry Go Round,방탄소년단,24221,2026-05-26 15:47:04
596,0,2026.05.04 ~ 2026.05.10,96,한번 더 이별,이창섭,33668,2026-05-26 15:47:04
597,0,2026.05.04 ~ 2026.05.10,97,떠나가요\, 떠나지마요 : 시대를 초월한 마음,"순순희(기태)\, 백예슬",6249,2026-05-26 15:47:04
598,0,2026.05.04 ~ 2026.05.10,98,그래 늦지 않았어 (2025),"아샤트리\, 이예은\, 전건호",17337,2026-05-26 15:47:04
599,0,2026.05.04 ~ 2026.05.10,99,햇빛 bless you,AKMU (악뮤),9357,2026-05-26 15:47:04
600,0,2026.05.04 ~ 2026.05.10,100,One More Night,방탄소년단,23020,2026-05-26 15:47:04
601,0,2026.05.11 ~ 2026.05.17,1,소문의 낙원,AKMU (악뮤),74300,2026-05-26 15:47:04
602,0,2026.05.11 ~ 2026.05.17,2,기쁨\, 슬픔\, 아름다운 마음,AKMU (악뮤),79259,2026-05-26 15:47:04
603,0,2026.05.11 ~ 2026.05.17,3,REDRED,CORTIS (코르티스),44341,2026-05-26 15:47:04
604,0,2026.05.11 ~ 2026.05.17,4,It′s Me,아일릿(ILLIT),29584,2026-05-26 15:47:04
605,0,2026.05.11 ~ 2026.05.17,5,RUDE!,Hearts2Hearts (하츠투하츠),63368,2026-05-26 15:47:04
606,0,2026.05.11 ~ 2026.05.17,6,캐치 캐치,YENA (최예나),34066,2026-05-26 15:47:04
607,0,2026.05.11 ~ 2026.05.17,7,BANG BANG,IVE (아이브),64208,2026-05-26 15:47:04
608,0,2026.05.11 ~ 2026.05.17,8,사랑하게 될 거야,한로로,134530,2026-05-26 15:47:04
609,0,2026.05.11 ~ 2026.05.17,9,404 (New Era),KiiiKiii (키키),66002,2026-05-26 15:47:04
610,0,2026.05.11 ~ 2026.05.17,10,Drowning,WOODZ,300622,2026-05-26 15:47:04
611,0,2026.05.11 ~ 2026.05.17,11,0+0,한로로,106521,2026-05-26 15:47:04
612,0,2026.05.11 ~ 2026.05.17,12,Good Goodbye,화사 (HWASA),119761,2026-05-26 15:47:04
613,0,2026.05.11 ~ 2026.05.17,13,타임캡슐,다비치,72432,2026-05-26 15:47:04
614,0,2026.05.11 ~ 2026.05.17,14,Popcorn,도경수(D.O.),82182,2026-05-26 15:47:04
615,0,2026.05.11 ~ 2026.05.17,15,너에게 닿기를,10CM,151016,2026-05-26 15:47:04
616,0,2026.05.11 ~ 2026.05.17,16,멸종위기사랑,이찬혁,99361,2026-05-26 15:47:04
617,0,2026.05.11 ~ 2026.05.17,17,SWIM,방탄소년단,60888,2026-05-26 15:47:04
618,0,2026.05.11 ~ 2026.05.17,18,"어떻게 이별까지 사랑하겠어\, 널 사랑하는 거지",AKMU (악뮤),497436,2026-05-26 15:47:04
619,0,2026.05.11 ~ 2026.05.17,19,Blue Valentine,NMIXX,116957,2026-05-26 15:47:04
620,0,2026.05.11 ~ 2026.05.17,20,그대 작은 나의 세상이 되어,카더가든,83793,2026-05-26 15:47:04
621,0,2026.05.11 ~ 2026.05.17,21,어제보다 슬픈 오늘,우디 (Woody),85786,2026-05-26 15:47:04
622,0,2026.05.11 ~ 2026.05.17,22,뛰어(JUMP),BLACKPINK,97001,2026-05-26 15:47:04
623,0,2026.05.11 ~ 2026.05.17,23,Golden,"HUNTR/X\, EJAE\, AUDREY NUNA\, REI AMI\, KPop Demon Hunters Cast",192148,2026-05-26 15:47:04
624,0,2026.05.11 ~ 2026.05.17,24,너의 모든 순간,성시경,323978,2026-05-26 15:47:04
625,0,2026.05.11 ~ 2026.05.17,25,모르시나요(PROD.로코베리),조째즈,107849,2026-05-26 15:47:04
626,0,2026.05.11 ~ 2026.05.17,26,toxic till the end,로제 (ROSÉ),155503,2026-05-26 15:47:04
627,0,2026.05.11 ~ 2026.05.17,27,내게 사랑이 뭐냐고 물어본다면,로이킴,97854,2026-05-26 15:47:04
628,0,2026.05.11 ~ 2026.05.17,28,Body to Body,방탄소년단,46266,2026-05-26 15:47:04
629,0,2026.05.11 ~ 2026.05.17,29,Whiplash,aespa,153495,2026-05-26 15:47:04
630,0,2026.05.11 ~ 2026.05.17,30,천상연,이창섭,146871,2026-05-26 15:47:04
631,0,2026.05.11 ~ 2026.05.17,31,소나기,이클립스 (ECLIPSE),196586,2026-05-26 15:47:04
632,0,2026.05.11 ~ 2026.05.17,32,청춘만화,이무진,101491,2026-05-26 15:47:04
633,0,2026.05.11 ~ 2026.05.17,33,Heavy Serenade,NMIXX,34874,2026-05-26 15:47:04
634,0,2026.05.11 ~ 2026.05.17,34,TICK TOCK (Feat. ZICO) (Prod. by ZICO\, Crush),김하온 (HAON)\, Nosun\, Raf Sandou\, Marv\, 정준혁,39119,2026-05-26 15:47:04
635,0,2026.05.11 ~ 2026.05.17,35,HAPPY,DAY6 (데이식스),214995,2026-05-26 15:47:04
636,0,2026.05.11 ~ 2026.05.17,36,한 페이지가 될 수 있게,DAY6 (데이식스),368484,2026-05-26 15:47:04
637,0,2026.05.11 ~ 2026.05.17,37,like JENNIE,제니 (JENNIE),110573,2026-05-26 15:47:04
638,0,2026.05.11 ~ 2026.05.17,38,BLACKHOLE,IVE (아이브),39132,2026-05-26 15:47:04
639,0,2026.05.11 ~ 2026.05.17,39,그대만 있다면 (여름날 우리 X 너드커넥션 (Nerd Connection)),너드커넥션 (Nerd Connection),173241,2026-05-26 15:47:04
640,0,2026.05.11 ~ 2026.05.17,40,HOME SWEET HOME (feat. 태양\, 대성),G-DRAGON,230279,2026-05-26 15:47:04
641,0,2026.05.11 ~ 2026.05.17,41,사랑인가 봐,멜로망스,237136,2026-05-26 15:47:04
642,0,2026.05.11 ~ 2026.05.17,42,모든 날\, 모든 순간 (Every day\, Every Moment),폴킴,437967,2026-05-26 15:47:04
643,0,2026.05.11 ~ 2026.05.17,43,나는 반딧불,황가람,158947,2026-05-26 15:47:04
644,0,2026.05.11 ~ 2026.05.17,44,주저하는 연인들을 위해,잔나비,454223,2026-05-26 15:47:04
645,0,2026.05.11 ~ 2026.05.17,45,예뻤어,DAY6 (데이식스),381251,2026-05-26 15:47:04
646,0,2026.05.11 ~ 2026.05.17,46,청혼하지 않을 이유를 못 찾았어,이무진,73993,2026-05-26 15:47:04
647,0,2026.05.11 ~ 2026.05.17,47,Love Love Love (Feat. Yoong Jin Of Casker),에픽하이 (EPIK HIGH),123779,2026-05-26 15:47:04
648,0,2026.05.11 ~ 2026.05.17,48,SPAGHETTI (feat. j-hope of BTS),LE SSERAFIM (르세라핌)\, j-hope,51260,2026-05-26 15:47:04
649,0,2026.05.11 ~ 2026.05.17,49,첫 만남은 계획대로 되지 않아,TWS (투어스),174982,2026-05-26 15:47:04
650,0,2026.05.11 ~ 2026.05.17,50,오늘만 I LOVE YOU,BOYNEXTDOOR,186448,2026-05-26 15:47:04
651,0,2026.05.11 ~ 2026.05.17,51,사랑은 봄비처럼...이별은 겨울비처럼...,임현정,69381,2026-05-26 15:47:04
652,0,2026.05.11 ~ 2026.05.17,52,FAMOUS,ALLDAY PROJECT,131650,2026-05-26 15:47:04
653,0,2026.05.11 ~ 2026.05.17,53,눈을 감아도(2026),순순희(지환),13439,2026-05-26 15:47:04
654,0,2026.05.11 ~ 2026.05.17,54,Welcome to the Show,DAY6 (데이식스),199563,2026-05-26 15:47:04
655,0,2026.05.11 ~ 2026.05.17,55,Flower,오반(OVAN),87181,2026-05-26 15:47:04
656,0,2026.05.11 ~ 2026.05.17,56,APT.,로제 (ROSÉ)\, Bruno Mars,221041,2026-05-26 15:47:04
657,0,2026.05.11 ~ 2026.05.17,57,KISS KISS KISS (Feat. 선우 (THE BOYZ)) (Prod. by Hukky Shibaseki),"NOWIMYOUNG (나우아임영)\, Royal 44",30182,2026-05-26 15:47:04
658,0,2026.05.11 ~ 2026.05.17,58,시작의 아이 ❍,"박다혜\, 마크툽 (MAKTUB)",71470,2026-05-26 15:47:04
559,0,2026.05.11 ~ 2026.05.17,59,STYLE,Hearts2Hearts (하츠투하츠),60831,2026-05-26 15:47:04
660,0,2026.05.11 ~ 2026.05.17,60,달리 표현할 수 없어요,로이킴,41973,2026-05-26 15:47:04
661,0,2026.05.11 ~ 2026.05.17,61,2.0,방탄소년단,29895,2026-05-26 15:47:04
662,0,2026.05.11 ~ 2026.05.17,62,Seven (feat. Latto) - Clean Ver.,정국,231559,2026-05-26 15:47:04
663,0,2026.05.11 ~ 2026.05.17,63,REBEL HEART,IVE (아이브),120777,2026-05-26 15:47:04
664,0,2026.05.11 ~ 2026.05.17,64,다정히 내 이름을 부르면,"경서예지\, 전건호",223789,2026-05-26 15:47:04
665,0,2026.05.11 ~ 2026.05.17,65,봄날,방탄소년단,509159,2026-05-26 15:47:04
666,0,2026.05.11 ~ 2026.05.17,66,Love wins all,아이유,223529,2026-05-26 15:47:04
667,0,2026.05.11 ~ 2026.05.17,67,ONE MORE TIME,ALLDAY PROJECT,61414,2026-05-26 15:47:04
668,0,2026.05.11 ~ 2026.05.17,68,OVERDRIVE,TWS (투어스),44529,2026-05-26 15:47:04
669,0,2026.05.11 ~ 2026.05.17,69,WDA (Whole Different Animal) (Feat. G-DRAGON),aespa,16249,2026-05-26 15:47:04
670,0,2026.05.11 ~ 2026.05.17,70,헤어지자 말해요,박재정,194185,2026-05-26 15:47:04
671,0,2026.05.11 ~ 2026.05.17,71,Hooligan,방탄소년단,31309,2026-05-26 15:47:04
672,0,2026.05.11 ~ 2026.05.17,72,Die With A Smile,Lady Gaga\, Bruno Mars,136070,2026-05-26 15:47:04
673,0,2026.05.11 ~ 2026.05.17,73,FOCUS,Hearts2Hearts (하츠투하츠),43462,2026-05-26 15:47:04
674,0,2026.05.11 ~ 2026.05.17,74,Magnetic,아일릿(ILLIT),146163,2026-05-26 15:47:04
675,0,2026.05.11 ~ 2026.05.17,75,Never Ending Story,아이유,86574,2026-05-26 15:47:04
676,0,2026.05.11 ~ 2026.05.17,76,사랑은 늘 도망가,임영웅,237669,2026-05-26 15:47:04
677,0,2026.05.11 ~ 2026.05.17,77,NOT CUTE ANYMORE,아일릿(ILLIT),48184,2026-05-26 15:47:04
678,0,2026.05.11 ~ 2026.05.17,78,봄 내음보다 너를,김나영,129674,2026-05-26 15:47:04
679,0,2026.05.11 ~ 2026.05.17,79,Flashback,엔플라잉 (N.Flying),57623,2026-05-26 15:47:04
680,0,2026.05.11 ~ 2026.05.17,80,Soda Pop,"KPop Demon Hunters Cast\, Danny Chung\, Saja Boys\, Andrew Choi\, Neckwav\, Kevin Woo\, samUIL Lee",116522,2026-05-26 15:47:04
681,0,2026.05.11 ~ 2026.05.17,81,에피소드,이무진,142745,2026-05-26 15:47:04
682,0,2026.05.11 ~ 2026.05.17,82,Ode to Love,NCT WISH,36143,2026-05-26 15:47:04
683,0,2026.05.11 ~ 2026.05.17,83,I AM,IVE (아이브),238663,2026-05-26 15:47:04
684,0,2026.05.11 ~ 2026.05.17,84,이 밤을 빌려 말해요,PLAVE,31251,2026-05-26 15:47:04
685,0,2026.05.11 ~ 2026.05.17,85,시작의 아이,마크툽 (MAKTUB),85919,2026-05-26 15:47:04
686,0,2026.05.11 ~ 2026.05.17,86,하루에 하루만 더 (Stick With You),투모로우바이투게더,27778,2026-05-26 15:47:04
687,0,2026.05.11 ~ 2026.05.17,87,Dynamite,방탄소년단,465799,2026-05-26 15:47:04
688,0,2026.05.11 ~ 2026.05.17,88,Hype Boy,NewJeans,315852,2026-05-26 15:47:04
689,0,2026.05.11 ~ 2026.05.17,89,FYA,방탄소년단,26520,2026-05-26 15:47:04
690,0,2026.05.11 ~ 2026.05.17,90,인사,범진,163553,2026-05-26 15:47:04
691,0,2026.05.11 ~ 2026.05.17,91,Aliens,방탄소년단,25406,2026-05-26 15:47:04
692,0,2026.05.11 ~ 2026.05.17,92,Like Animals,방탄소년단,27031,2026-05-26 15:47:04
693,0,2026.05.11 ~ 2026.05.17,93,XOXZ,IVE (아이브),55998,2026-05-26 15:47:04
694,0,2026.05.11 ~ 2026.05.17,94,눈사람,정승환,309981,2026-05-26 15:47:04
695,0,2026.05.11 ~ 2026.05.17,95,떠나가요\, 떠나지마요 : 시대를 초월한 마음,"순순희(기태)\, 백예슬",6249,2026-05-26 15:47:04
696,0,2026.05.11 ~ 2026.05.17,96,Merry Go Round,방탄소년단,24222,2026-05-26 15:47:04
697,0,2026.05.11 ~ 2026.05.17,97,TOO BAD (feat. Anderson .Paak),G-DRAGON,156073,2026-05-26 15:47:04
698,0,2026.05.11 ~ 2026.05.17,98,One More Night,방탄소년단,23020,2026-05-26 15:47:04
699,0,2026.05.11 ~ 2026.05.17,99,한번 더 이별,이창섭,33668,2026-05-26 15:47:04
700,0,2026.05.11 ~ 2026.05.17,100,Supernova,aespa,187748,2026-05-26 15:47:04
701,0,2026.05.18 ~ 2026.05.24,1,REDRED,CORTIS (코르티스),44342,2026-05-26 15:47:04
702,0,2026.05.18 ~ 2026.05.24,2,소문의 낙원,AKMU (악뮤),74301,2026-05-26 15:47:04
703,0,2026.05.18 ~ 2026.05.24,3,It′s Me,아일릿(ILLIT),29586,2026-05-26 15:47:04
704,0,2026.05.18 ~ 2026.05.24,4,기쁨\, 슬픔\, 아름다운 마음,AKMU (악뮤),79260,2026-05-26 15:47:04
705,0,2026.05.18 ~ 2026.05.24,5,RUDE!,Hearts2Hearts (하츠투하츠),63368,2026-05-26 15:47:04
706,0,2026.05.18 ~ 2026.05.24,6,캐치 캐치,YENA (최예나),34066,2026-05-26 15:47:04
707,0,2026.05.18 ~ 2026.05.24,7,사랑하게 될 거야,한로로,134530,2026-05-26 15:47:04
708,0,2026.05.18 ~ 2026.05.24,8,Drowning,WOODZ,300622,2026-05-26 15:47:04
709,0,2026.05.18 ~ 2026.05.24,9,BANG BANG,IVE (아이브),64209,2026-05-26 15:47:04
710,0,2026.05.18 ~ 2026.05.24,10,404 (New Era),KiiiKiii (키키),66002,2026-05-26 15:47:04
711,0,2026.05.18 ~ 2026.05.24,11,0+0,한로로,106523,2026-05-26 15:47:04
712,0,2026.05.18 ~ 2026.05.24,12,Good Goodbye,화사 (HWASA),119761,2026-05-26 15:47:04
713,0,2026.05.18 ~ 2026.05.24,13,Heavy Serenade,NMIXX,34875,2026-05-26 15:47:04
714,0,2026.05.18 ~ 2026.05.24,14,타임캡슐,다비치,72432,2026-05-26 15:47:04
715,0,2026.05.18 ~ 2026.05.24,15,Popcorn,도경수(D.O.),82183,2026-05-26 15:47:04
716,0,2026.05.18 ~ 2026.05.24,16,너에게 닿기를,10CM,151016,2026-05-26 15:47:04
717,0,2026.05.18 ~ 2026.05.24,17,멸종위기사랑,이찬혁,99361,2026-05-26 15:47:04
718,0,2026.05.18 ~ 2026.05.24,18,Blue Valentine,NMIXX,116957,2026-05-26 15:47:04
719,0,2026.05.18 ~ 2026.05.24,19,"어떻게 이별까지 사랑하겠어\, 널 사랑하는 거지",AKMU (악뮤),497436,2026-05-26 15:47:04
720,0,2026.05.18 ~ 2026.05.24,20,SWIM,방탄소년단,60889,2026-05-26 15:47:04
721,0,2026.05.18 ~ 2026.05.24,21,어제보다 슬픈 오늘,우디 (Woody),85786,2026-05-26 15:47:04
722,0,2026.05.18 ~ 2026.05.24,22,그대 작은 나의 세상이 되어,카더가든,83793,2026-05-26 15:47:04
723,0,2026.05.18 ~ 2026.05.24,23,뛰어(JUMP),BLACKPINK,97001,2026-05-26 15:47:04
724,0,2026.05.18 ~ 2026.05.24,24,Golden,"HUNTR/X\, EJAE\, AUDREY NUNA\, REI AMI\, KPop Demon Hunters Cast",192148,2026-05-26 15:47:04
725,0,2026.05.18 ~ 2026.05.24,25,너의 모든 순간,성시경,323978,2026-05-26 15:47:04
726,0,2026.05.18 ~ 2026.05.24,26,모르시나요(PROD.로코베리),조째즈,107849,2026-05-26 15:47:04
727,0,2026.05.18 ~ 2026.05.24,27,내게 사랑이 뭐냐고 물어본다면,로이킴,97854,2026-05-26 15:47:04
728,0,2026.05.18 ~ 2026.05.24,28,toxic till the end,로제 (ROSÉ),155503,2026-05-26 15:47:04
729,0,2026.05.18 ~ 2026.05.24,29,소나기,이클립스 (ECLIPSE),196586,2026-05-26 15:47:04
730,0,2026.05.18 ~ 2026.05.24,30,Whiplash,aespa,153495,2026-05-26 15:47:04
731,0,2026.05.18 ~ 2026.05.24,31,천상연,이창섭,146871,2026-05-26 15:47:04
732,0,2026.05.18 ~ 2026.05.24,32,WDA (Whole Different Animal) (Feat. G-DRAGON),aespa,16250,2026-05-26 15:47:04
733,0,2026.05.18 ~ 2026.05.24,33,청춘만화,이무진,101491,2026-05-26 15:47:04
734,0,2026.05.18 ~ 2026.05.24,34,HAPPY,DAY6 (데이식스),214995,2026-05-26 15:47:04
735,0,2026.05.18 ~ 2026.05.24,35,Body to Body,방탄소년단,46266,2026-05-26 15:47:04
736,0,2026.05.18 ~ 2026.05.24,36,HOME SWEET HOME (feat. 태양\, 대성),G-DRAGON,230279,2026-05-26 15:47:04
737,0,2026.05.18 ~ 2026.05.24,37,한 페이지가 될 수 있게,DAY6 (데이식스),368484,2026-05-26 15:47:04
738,0,2026.05.18 ~ 2026.05.24,38,그대만 있다면 (여름날 우리 X 너드커넥션 (Nerd Connection)),너드커넥션 (Nerd Connection),173241,2026-05-26 15:47:04
739,0,2026.05.18 ~ 2026.05.24,39,like JENNIE,제니 (JENNIE),110573,2026-05-26 15:47:04
740,0,2026.05.18 ~ 2026.05.24,40,TICK TOCK (Feat. ZICO) (Prod. by ZICO\, Crush),김하온 (HAON)\, Nosun\, Raf Sandou\, Marv\, 정준혁,39119,2026-05-26 15:47:04
741,0,2026.05.18 ~ 2026.05.24,41,BLACKHOLE,IVE (아이브),39132,2026-05-26 15:47:04
742,0,2026.05.18 ~ 2026.05.24,42,주저하는 연인들을 위해,잔나비,454223,2026-05-26 15:47:04
743,0,2026.05.18 ~ 2026.05.24,43,사랑인가 봐,멜로망스,237136,2026-05-26 15:47:04
744,0,2026.05.18 ~ 2026.05.24,44,모든 날\, 모든 순간 (Every day\, Every Moment),폴킴,437967,2026-05-26 15:47:04
745,0,2026.05.18 ~ 2026.05.24,45,나는 반딧불,황가람,158947,2026-05-26 15:47:04
746,0,2026.05.18 ~ 2026.05.24,46,예뻤어,DAY6 (데이식스),381251,2026-05-26 15:47:04
747,0,2026.05.18 ~ 2026.05.24,47,사랑은 봄비처럼...이별은 겨울비처럼...,임현정,69381,2026-05-26 15:47:04
748,0,2026.05.18 ~ 2026.05.24,48,갑자기,아이오아이 (I.O.I),15245,2026-05-26 15:47:04
749,0,2026.05.18 ~ 2026.05.24,49,Love Love Love (Feat. Yoong Jin Of Casker),에픽하이 (EPIK HIGH),123779,2026-05-26 15:47:04
750,0,2026.05.18 ~ 2026.05.24,50,청혼하지 않을 이유를 못 찾았어,이무진,73993,2026-05-26 15:47:04
751,0,2026.05.18 ~ 2026.05.24,51,SPAGHETTI (feat. j-hope of BTS),LE SSERAFIM (르세라핌)\, j-hope,51260,2026-05-26 15:47:04
752,0,2026.05.18 ~ 2026.05.24,52,FAMOUS,ALLDAY PROJECT,131649,2026-05-26 15:47:04
753,0,2026.05.18 ~ 2026.05.24,53,첫 만남은 계획대로 되지 않아,TWS (투어스),174982,2026-05-26 15:47:04
754,0,2026.05.18 ~ 2026.05.24,54,눈을 감아도(2026),순순희(지환),13439,2026-05-26 15:47:04
755,0,2026.05.18 ~ 2026.05.24,55,Welcome to the Show,DAY6 (데이식스),199563,2026-05-26 15:47:04
756,0,2026.05.18 ~ 2026.05.24,56,오늘만 I LOVE YOU,BOYNEXTDOOR,186448,2026-05-26 15:47:04
757,0,2026.05.18 ~ 2026.05.24,57,APT.,로제 (ROSÉ)\, Bruno Mars,221041,2026-05-26 15:47:04
758,0,2026.05.18 ~ 2026.05.24,58,Flower,오반(OVAN),87181,2026-05-26 15:47:04
759,0,2026.05.18 ~ 2026.05.24,59,달리 표현할 수 없어요,로이킴,41973,2026-05-26 15:47:04
760,0,2026.05.18 ~ 2026.05.24,60,시작의 아이 ❍,"박다혜\, 마크툽 (MAKTUB)",71470,2026-05-26 15:47:04
761,0,2026.05.18 ~ 2026.05.24,61,KISS KISS KISS (Feat. 선우 (THE BOYZ)) (Prod. by Hukky Shibaseki),"NOWIMYOUNG (나우아임영)\, Royal 44",30182,2026-05-26 15:47:04
762,0,2026.05.18 ~ 2026.05.24,62,STYLE,Hearts2Hearts (하츠투하츠),60831,2026-05-26 15:47:04
763,0,2026.05.18 ~ 2026.05.24,63,Seven (feat. Latto) - Clean Ver.,정국,231559,2026-05-26 15:47:04
764,0,2026.05.18 ~ 2026.05.24,64,다정히 내 이름을 부르면,"경서예지\, 전건호",223789,2026-05-26 15:47:04
765,0,2026.05.18 ~ 2026.05.24,65,REBEL HEART,IVE (아이브),120777,2026-05-26 15:47:04
766,0,2026.05.18 ~ 2026.05.24,66,ONE MORE TIME,ALLDAY PROJECT,61414,2026-05-26 15:47:04
767,0,2026.05.18 ~ 2026.05.24,67,Love wins all,아이유,223529,2026-05-26 15:47:04
768,0,2026.05.18 ~ 2026.05.24,68,헤어지자 말해요,박재정,194185,2026-05-26 15:47:04
769,0,2026.05.18 ~ 2026.05.24,69,봄날,방탄소년단,509159,2026-05-26 15:47:04
770,0,2026.05.18 ~ 2026.05.24,70,OVERDRIVE,TWS (투어스),44529,2026-05-26 15:47:04
771,0,2026.05.18 ~ 2026.05.24,71,2.0,방탄소년단,29895,2026-05-26 15:47:04
772,0,2026.05.18 ~ 2026.05.24,72,Die With A Smile,Lady Gaga\, Bruno Mars,136070,2026-05-26 15:47:04
773,0,2026.05.18 ~ 2026.05.24,73,Magnetic,아일릿(ILLIT),146163,2026-05-26 15:47:04
774,0,2026.05.18 ~ 2026.05.24,74,봄 내음보다 너를,김나영,129674,2026-05-26 15:47:04
775,0,2026.05.18 ~ 2026.05.24,75,FOCUS,Hearts2Hearts (하츠투하츠),43462,2026-05-26 15:47:04
776,0,2026.05.18 ~ 2026.05.24,76,Hooligan,방탄소년단,31309,2026-05-26 15:47:04
777,0,2026.05.18 ~ 2026.05.24,77,사랑은 늘 도망가,임영웅,237670,2026-05-26 15:47:04
778,0,2026.05.18 ~ 2026.05.24,78,Never Ending Story,아이유,86574,2026-05-26 15:47:04
779,0,2026.05.18 ~ 2026.05.24,79,에피소드,이무진,142745,2026-05-26 15:47:04
780,0,2026.05.18 ~ 2026.05.24,80,Soda Pop,"KPop Demon Hunters Cast\, Danny Chung\, Saja Boys\, Andrew Choi\, Neckwav\, Kevin Woo\, samUIL Lee",116522,2026-05-26 15:47:04
781,0,2026.05.18 ~ 2026.05.24,81,NOT CUTE ANYMORE,아일릿(ILLIT),48184,2026-05-26 15:47:04
782,0,2026.05.18 ~ 2026.05.24,82,I AM,IVE (아이브),238663,2026-05-26 15:47:04
783,0,2026.05.18 ~ 2026.05.24,83,Flashback,엔플라잉 (N.Flying),57623,2026-05-26 15:47:04
784,0,2026.05.18 ~ 2026.05.24,84,시작의 아이,마크툽 (MAKTUB),85919,2026-05-26 15:47:04
785,0,2026.05.18 ~ 2026.05.24,85,Hype Boy,NewJeans,315852,2026-05-26 15:47:04
786,0,2026.05.18 ~ 2026.05.24,86,Ode to Love,NCT WISH,36144,2026-05-26 15:47:04
787,0,2026.05.18 ~ 2026.05.24,87,Dynamite,방탄소년단,465799,2026-05-26 15:47:04
788,0,2026.05.18 ~ 2026.05.24,88,이 밤을 빌려 말해요,PLAVE,31251,2026-05-26 15:47:04
789,0,2026.05.18 ~ 2026.05.24,89,하루에 하루만 더 (Stick With You),투모로우바이투게더,27778,2026-05-26 15:47:04
790,0,2026.05.18 ~ 2026.05.24,90,FYA,방탄소년단,26520,2026-05-26 15:47:04
791,0,2026.05.18 ~ 2026.05.24,91,인사,범진,163553,2026-05-26 15:47:04
792,0,2026.05.18 ~ 2026.05.24,92,Aliens,방탄소년단,25406,2026-05-26 15:47:04
793,0,2026.05.18 ~ 2026.05.24,93,Like Animals,방탄소년단,27031,2026-05-26 15:47:04
794,0,2026.05.18 ~ 2026.05.24,94,떠나가요\, 떠나지마요 : 시대를 초월한 마음,"순순희(기태)\, 백예슬",6249,2026-05-26 15:47:04
795,0,2026.05.18 ~ 2026.05.24,95,눈사람,정승환,309981,2026-05-26 15:47:04
796,0,2026.05.18 ~ 2026.05.24,96,TOO BAD (feat. Anderson .Paak),G-DRAGON,156073,2026-05-26 15:47:04
797,0,2026.05.18 ~ 2026.05.24,97,XOXZ,IVE (아이브),55998,2026-05-26 15:47:04
798,0,2026.05.18 ~ 2026.05.24,98,Merry Go Round,방탄소년단,24222,2026-05-26 15:47:04
799,0,2026.05.18 ~ 2026.05.24,99,One More Night,방탄소년단,23020,2026-05-26 15:47:04
800,0,2026.05.18 ~ 2026.05.24,100,Supernova,aespa,187748,2026-05-26 15:47:04